Date,Year,Quarter,Month,Day,Weekend,Casual,Member,Total Rides,"Avg. ""Feels like"" (°C)",Avg. Temperature (°C),WMO Code,Weather,Max Wind (km/h)
2021-01-01,2021,2021Q1,January,Friday,Weekday,371,590,961,-0.9,2.3,63,Rain,10.6
2021-01-02,2021,2021Q1,January,Saturday,Weekend,2874,2844,5718,4.8,7.6,61,Light Rain,19.1
2021-01-03,2021,2021Q1,January,Sunday,Weekend,495,1133,1628,0.9,3.9,63,Rain,13.0
2021-01-04,2021,2021Q1,January,Monday,Weekday,907,2074,2981,1.0,4.1,3,Cloudy,13.3
2021-01-05,2021,2021Q1,January,Tuesday,Weekday,1057,2004,3061,1.4,4.0,51,Light Drizzle,9.2
2021-01-06,2021,2021Q1,January,Wednesday,Weekday,1359,1753,3112,-1.1,3.4,3,Cloudy,20.8
2021-01-07,2021,2021Q1,January,Thursday,Weekday,1167,2143,3310,-1.3,2.9,3,Cloudy,14.4
2021-01-08,2021,2021Q1,January,Friday,Weekday,784,2203,2987,-3.1,0.7,3,Cloudy,12.9
2021-01-09,2021,2021Q1,January,Saturday,Weekend,1490,2582,4072,-3.8,1.7,2,Partly Cloudy,19.4
2021-01-10,2021,2021Q1,January,Sunday,Weekend,1479,2522,4001,-1.8,2.6,1,Mostly Clear,18.7
2021-01-11,2021,2021Q1,January,Monday,Weekday,677,2194,2871,-1.8,1.5,3,Cloudy,9.8
2021-01-12,2021,2021Q1,January,Tuesday,Weekday,919,2725,3644,-2.2,1.3,0,Clear,10.2
2021-01-13,2021,2021Q1,January,Wednesday,Weekday,1095,2788,3883,-1.3,2.1,0,Clear,9.7
2021-01-14,2021,2021Q1,January,Thursday,Weekday,1095,2702,3797,0.3,3.5,2,Partly Cloudy,9.2
2021-01-15,2021,2021Q1,January,Friday,Weekday,924,2410,3334,1.0,4.4,53,Heavy Drizzle,18.9
2021-01-16,2021,2021Q1,January,Saturday,Weekend,1850,2841,4691,0.6,4.3,53,Heavy Drizzle,16.2
2021-01-17,2021,2021Q1,January,Sunday,Weekend,1437,2308,3745,-1.0,3.4,3,Cloudy,19.6
2021-01-18,2021,2021Q1,January,Monday,Weekday,1229,2212,3441,-1.9,2.6,2,Partly Cloudy,20.8
2021-01-19,2021,2021Q1,January,Tuesday,Weekday,1185,2185,3370,-2.1,2.3,3,Cloudy,20.5
2021-01-20,2021,2021Q1,January,Wednesday,Weekday,995,1627,2622,-3.3,1.4,53,Heavy Drizzle,24.7
2021-01-21,2021,2021Q1,January,Thursday,Weekday,1106,2423,3529,-1.7,2.3,1,Mostly Clear,12.3
2021-01-22,2021,2021Q1,January,Friday,Weekday,1302,2734,4036,-1.6,2.8,3,Cloudy,20.4
2021-01-23,2021,2021Q1,January,Saturday,Weekend,1145,2337,3482,-5.9,-0.3,3,Cloudy,23.6
2021-01-24,2021,2021Q1,January,Sunday,Weekend,1143,2166,3309,-5.4,-0.9,3,Cloudy,14.0
2021-01-25,2021,2021Q1,January,Monday,Weekday,543,1847,2390,-2.1,1.5,73,Snow,10.0
2021-01-26,2021,2021Q1,January,Tuesday,Weekday,492,1505,1997,-1.4,1.5,73,Snow,11.9
2021-01-27,2021,2021Q1,January,Wednesday,Weekday,968,2560,3528,-1.1,2.8,3,Cloudy,17.2
2021-01-28,2021,2021Q1,January,Thursday,Weekday,683,1984,2667,-6.2,-0.1,71,Light Snow,27.6
2021-01-29,2021,2021Q1,January,Friday,Weekday,824,2046,2870,-8.5,-1.9,3,Cloudy,27.2
2021-01-30,2021,2021Q1,January,Saturday,Weekend,1463,2535,3998,-6.0,-1.4,3,Cloudy,14.2
2021-01-31,2021,2021Q1,January,Sunday,Weekend,329,706,1035,-4.8,-0.5,75,Heavy Snow,17.9
2021-02-01,2021,2021Q1,February,Monday,Weekday,227,746,973,-4.9,-0.1,73,Snow,18.9
2021-02-02,2021,2021Q1,February,Tuesday,Weekday,382,1069,1451,-5.1,0.5,71,Light Snow,23.7
2021-02-03,2021,2021Q1,February,Wednesday,Weekday,684,1792,2476,-5.0,0.9,3,Cloudy,26.3
2021-02-04,2021,2021Q1,February,Thursday,Weekday,863,2311,3174,-4.5,0.3,3,Cloudy,20.8
2021-02-05,2021,2021Q1,February,Friday,Weekday,1400,2849,4249,0.9,5.3,55,Heavy Drizzle,18.6
2021-02-06,2021,2021Q1,February,Saturday,Weekend,2149,3263,5412,-1.3,3.0,3,Cloudy,22.3
2021-02-07,2021,2021Q1,February,Sunday,Weekend,757,1532,2289,-1.6,2.1,75,Heavy Snow,17.4
2021-02-08,2021,2021Q1,February,Monday,Weekday,844,2048,2892,-8.5,-3.9,1,Mostly Clear,11.4
2021-02-09,2021,2021Q1,February,Tuesday,Weekday,920,2642,3562,-0.6,2.8,3,Cloudy,11.4
2021-02-10,2021,2021Q1,February,Wednesday,Weekday,569,1793,2362,-1.9,1.6,75,Heavy Snow,10.8
2021-02-11,2021,2021Q1,February,Thursday,Weekday,566,1675,2241,-2.8,0.7,75,Heavy Snow,12.0
2021-02-12,2021,2021Q1,February,Friday,Weekday,828,2201,3029,-5.9,-1.8,71,Light Snow,11.0
2021-02-13,2021,2021Q1,February,Saturday,Weekend,236,649,885,-6.2,-1.9,73,Snow,12.5
2021-02-14,2021,2021Q1,February,Sunday,Weekend,829,1535,2364,-3.5,0.0,3,Cloudy,8.7
2021-02-15,2021,2021Q1,February,Monday,Weekday,777,1943,2720,-1.9,1.4,53,Heavy Drizzle,13.7
2021-02-16,2021,2021Q1,February,Tuesday,Weekday,722,2127,2849,-0.0,3.7,63,Rain,23.5
2021-02-17,2021,2021Q1,February,Wednesday,Weekday,557,1392,1949,-6.8,-1.9,1,Mostly Clear,20.5
2021-02-18,2021,2021Q1,February,Thursday,Weekday,217,527,744,-5.9,-1.7,75,Heavy Snow,15.1
2021-02-19,2021,2021Q1,February,Friday,Weekday,524,1521,2045,-4.0,0.0,73,Snow,15.5
2021-02-20,2021,2021Q1,February,Saturday,Weekend,796,1849,2645,-8.3,-2.5,3,Cloudy,23.4
2021-02-21,2021,2021Q1,February,Sunday,Weekend,919,2053,2972,-7.1,-2.8,2,Partly Cloudy,15.9
2021-02-22,2021,2021Q1,February,Monday,Weekday,334,1214,1548,-3.5,0.7,73,Snow,16.2
2021-02-23,2021,2021Q1,February,Tuesday,Weekday,957,2363,3320,-0.1,4.2,51,Light Drizzle,25.8
2021-02-24,2021,2021Q1,February,Wednesday,Weekday,1733,3449,5182,4.2,8.1,1,Mostly Clear,20.4
2021-02-25,2021,2021Q1,February,Thursday,Weekday,1290,2891,4181,3.5,7.5,1,Mostly Clear,21.4
2021-02-26,2021,2021Q1,February,Friday,Weekday,1230,2543,3773,0.9,4.7,71,Light Snow,12.8
2021-02-27,2021,2021Q1,February,Saturday,Weekend,2130,2949,5079,4.3,6.6,73,Snow,12.5
2021-02-28,2021,2021Q1,February,Sunday,Weekend,371,768,1139,4.6,6.7,63,Rain,15.5
2021-03-01,2021,2021Q1,March,Monday,Weekday,753,1750,2503,5.2,8.4,63,Rain,27.8
2021-03-02,2021,2021Q1,March,Tuesday,Weekday,1014,2459,3473,-2.7,2.3,0,Clear,20.6
2021-03-03,2021,2021Q1,March,Wednesday,Weekday,1615,3256,4871,1.3,5.2,0,Clear,12.6
2021-03-04,2021,2021Q1,March,Thursday,Weekday,1107,2709,3816,1.2,6.1,3,Cloudy,24.2
2021-03-05,2021,2021Q1,March,Friday,Weekday,1048,2586,3634,-4.3,1.6,2,Partly Cloudy,27.8
2021-03-06,2021,2021Q1,March,Saturday,Weekend,2323,2869,5192,-3.0,2.1,3,Cloudy,21.2
2021-03-07,2021,2021Q1,March,Sunday,Weekend,1835,2456,4291,-2.6,1.5,0,Clear,13.8
2021-03-08,2021,2021Q1,March,Monday,Weekday,1183,2580,3763,-0.6,3.2,1,Mostly Clear,10.7
2021-03-09,2021,2021Q1,March,Tuesday,Weekday,2067,3397,5464,6.7,9.8,1,Mostly Clear,14.0
2021-03-10,2021,2021Q1,March,Wednesday,Weekday,2389,3875,6264,8.5,10.9,1,Mostly Clear,13.0
2021-03-11,2021,2021Q1,March,Thursday,Weekday,2913,4166,7079,12.7,15.4,2,Partly Cloudy,17.4
2021-03-12,2021,2021Q1,March,Friday,Weekday,2712,3703,6415,13.6,15.9,3,Cloudy,15.5
2021-03-13,2021,2021Q1,March,Saturday,Weekend,4497,3758,8255,5.2,9.5,1,Mostly Clear,20.8
2021-03-14,2021,2021Q1,March,Sunday,Weekend,3640,3292,6932,3.8,9.0,1,Mostly Clear,30.0
2021-03-15,2021,2021Q1,March,Monday,Weekday,1249,2394,3643,-0.6,4.1,3,Cloudy,21.1
2021-03-16,2021,2021Q1,March,Tuesday,Weekday,1029,2430,3459,1.4,5.0,51,Light Drizzle,14.1
2021-03-17,2021,2021Q1,March,Wednesday,Weekday,1610,3019,4629,5.4,7.5,3,Cloudy,8.8
2021-03-18,2021,2021Q1,March,Thursday,Weekday,558,1445,2003,7.0,8.9,63,Rain,18.9
2021-03-19,2021,2021Q1,March,Friday,Weekday,1773,3018,4791,1.4,6.4,53,Heavy Drizzle,22.2
2021-03-20,2021,2021Q1,March,Saturday,Weekend,4379,3875,8254,1.7,5.2,0,Clear,12.1
2021-03-21,2021,2021Q1,March,Sunday,Weekend,4180,3909,8089,5.0,8.0,0,Clear,10.0
2021-03-22,2021,2021Q1,March,Monday,Weekday,2219,3229,5448,5.9,8.5,0,Clear,10.5
2021-03-23,2021,2021Q1,March,Tuesday,Weekday,2229,3606,5835,8.8,11.0,3,Cloudy,12.8
2021-03-24,2021,2021Q1,March,Wednesday,Weekday,522,1465,1987,12.2,12.7,63,Rain,13.1
2021-03-25,2021,2021Q1,March,Thursday,Weekday,1894,3470,5364,15.7,15.5,51,Light Drizzle,11.3
2021-03-26,2021,2021Q1,March,Friday,Weekday,3982,4585,8567,18.2,20.0,53,Heavy Drizzle,28.2
2021-03-27,2021,2021Q1,March,Saturday,Weekend,8232,5106,13338,13.3,15.0,2,Partly Cloudy,14.1
2021-03-28,2021,2021Q1,March,Sunday,Weekend,2028,2071,4099,13.9,15.5,63,Rain,28.5
2021-03-29,2021,2021Q1,March,Monday,Weekday,2994,3785,6779,5.5,9.8,2,Partly Cloudy,30.6
2021-03-30,2021,2021Q1,March,Tuesday,Weekday,4805,4746,9551,8.5,11.4,1,Mostly Clear,18.3
2021-03-31,2021,2021Q1,March,Wednesday,Weekday,1138,2239,3377,14.4,14.8,63,Rain,17.9
2021-04-01,2021,2021Q2,April,Thursday,Weekday,1824,2670,4494,2.5,7.2,53,Heavy Drizzle,26.4
2021-04-02,2021,2021Q2,April,Friday,Weekday,2539,2904,5443,-2.5,3.4,3,Cloudy,24.3
2021-04-03,2021,2021Q2,April,Saturday,Weekend,7206,3743,10949,1.3,5.2,0,Clear,12.8
2021-04-04,2021,2021Q2,April,Sunday,Weekend,7441,4050,11491,8.2,11.4,2,Partly Cloudy,19.3
2021-04-05,2021,2021Q2,April,Monday,Weekday,3835,3833,7668,10.8,13.2,3,Cloudy,13.7
2021-04-06,2021,2021Q2,April,Tuesday,Weekday,3530,4407,7937,13.8,15.2,51,Light Drizzle,12.2
2021-04-07,2021,2021Q2,April,Wednesday,Weekday,3461,4436,7897,16.5,17.0,2,Partly Cloudy,12.0
2021-04-08,2021,2021Q2,April,Thursday,Weekday,3358,4433,7791,12.7,15.0,51,Light Drizzle,17.8
2021-04-09,2021,2021Q2,April,Friday,Weekday,2323,3508,5831,12.3,13.5,61,Light Rain,15.6
2021-04-10,2021,2021Q2,April,Saturday,Weekend,6719,4710,11429,15.5,15.6,3,Cloudy,12.0
2021-04-11,2021,2021Q2,April,Sunday,Weekend,5368,4288,9656,18.6,18.9,61,Light Rain,17.6
2021-04-12,2021,2021Q2,April,Monday,Weekday,1794,3286,5080,13.8,14.8,51,Light Drizzle,14.4
2021-04-13,2021,2021Q2,April,Tuesday,Weekday,2300,4126,6426,12.0,13.2,51,Light Drizzle,10.1
2021-04-14,2021,2021Q2,April,Wednesday,Weekday,932,2183,3115,12.7,13.2,55,Heavy Drizzle,11.2
2021-04-15,2021,2021Q2,April,Thursday,Weekday,2683,4328,7011,11.3,13.6,53,Heavy Drizzle,21.7
2021-04-16,2021,2021Q2,April,Friday,Weekday,2443,3931,6374,6.1,10.3,51,Light Drizzle,25.4
2021-04-17,2021,2021Q2,April,Saturday,Weekend,4909,4517,9426,7.7,10.4,3,Cloudy,14.3
2021-04-18,2021,2021Q2,April,Sunday,Weekend,4727,4209,8936,9.6,11.6,2,Partly Cloudy,11.0
2021-04-19,2021,2021Q2,April,Monday,Weekday,2070,3462,5532,10.4,12.1,3,Cloudy,9.8
2021-04-20,2021,2021Q2,April,Tuesday,Weekday,3157,4815,7972,13.2,15.3,1,Mostly Clear,17.7
2021-04-21,2021,2021Q2,April,Wednesday,Weekday,1643,3429,5072,8.9,13.1,51,Light Drizzle,29.6
2021-04-22,2021,2021Q2,April,Thursday,Weekday,1535,3125,4660,1.5,6.9,2,Partly Cloudy,26.1
2021-04-23,2021,2021Q2,April,Friday,Weekday,3024,4388,7412,6.4,9.6,3,Cloudy,16.3
2021-04-24,2021,2021Q2,April,Saturday,Weekend,3672,4087,7759,9.1,11.4,61,Light Rain,11.5
2021-04-25,2021,2021Q2,April,Sunday,Weekend,3365,3680,7045,10.8,13.2,63,Rain,20.7
2021-04-26,2021,2021Q2,April,Monday,Weekday,2283,3945,6228,8.7,11.9,1,Mostly Clear,16.3
2021-04-27,2021,2021Q2,April,Tuesday,Weekday,3065,4798,7863,17.0,17.8,1,Mostly Clear,16.8
2021-04-28,2021,2021Q2,April,Wednesday,Weekday,2712,4554,7266,23.7,23.2,1,Mostly Clear,17.4
2021-04-29,2021,2021Q2,April,Thursday,Weekday,2346,4302,6648,23.8,22.7,53,Heavy Drizzle,20.4
2021-04-30,2021,2021Q2,April,Friday,Weekday,2475,3877,6352,12.7,16.8,51,Light Drizzle,36.7
2021-05-01,2021,2021Q2,May,Saturday,Weekend,5551,4988,10539,8.7,12.8,1,Mostly Clear,27.0
2021-05-02,2021,2021Q2,May,Sunday,Weekend,4989,4734,9723,17.1,19.3,1,Mostly Clear,18.7
2021-05-03,2021,2021Q2,May,Monday,Weekday,1952,3552,5504,20.3,19.9,61,Light Rain,18.6
2021-05-04,2021,2021Q2,May,Tuesday,Weekday,2144,3755,5899,24.7,23.0,53,Heavy Drizzle,15.5
2021-05-05,2021,2021Q2,May,Wednesday,Weekday,2244,4265,6509,20.3,20.0,63,Rain,23.7
2021-05-06,2021,2021Q2,May,Thursday,Weekday,3082,4862,7944,11.2,13.8,3,Cloudy,18.9
2021-05-07,2021,2021Q2,May,Friday,Weekday,2159,3470,5629,11.4,12.7,63,Rain,11.9
2021-05-08,2021,2021Q2,May,Saturday,Weekend,4228,4271,8499,8.1,10.7,53,Heavy Drizzle,22.8
2021-05-09,2021,2021Q2,May,Sunday,Weekend,3448,3818,7266,10.7,12.9,51,Light Drizzle,17.2
2021-05-10,2021,2021Q2,May,Monday,Weekday,2693,4316,7009,12.8,15.2,53,Heavy Drizzle,22.1
2021-05-11,2021,2021Q2,May,Tuesday,Weekday,2752,4898,7650,11.6,14.1,3,Cloudy,19.4
2021-05-12,2021,2021Q2,May,Wednesday,Weekday,2933,4862,7795,10.4,13.1,3,Cloudy,15.6
2021-05-13,2021,2021Q2,May,Thursday,Weekday,3494,5100,8594,12.1,14.3,1,Mostly Clear,11.1
2021-05-14,2021,2021Q2,May,Friday,Weekday,3984,5230,9214,13.7,15.2,1,Mostly Clear,8.9
2021-05-15,2021,2021Q2,May,Saturday,Weekend,7273,5703,12976,15.2,16.6,2,Partly Cloudy,10.4
2021-05-16,2021,2021Q2,May,Sunday,Weekend,4458,4312,8770,14.0,15.2,53,Heavy Drizzle,11.8
2021-05-17,2021,2021Q2,May,Monday,Weekday,3254,4800,8054,16.7,17.2,3,Cloudy,7.9
2021-05-18,2021,2021Q2,May,Tuesday,Weekday,3404,5405,8809,18.3,18.8,2,Partly Cloudy,12.0
2021-05-19,2021,2021Q2,May,Wednesday,Weekday,3541,5463,9004,21.4,21.4,1,Mostly Clear,11.1
2021-05-20,2021,2021Q2,May,Thursday,Weekday,3512,5236,8748,22.3,22.8,2,Partly Cloudy,14.8
2021-05-21,2021,2021Q2,May,Friday,Weekday,4739,5640,10379,21.2,21.3,1,Mostly Clear,9.4
2021-05-22,2021,2021Q2,May,Saturday,Weekend,6750,5663,12413,23.7,24.3,2,Partly Cloudy,15.5
2021-05-23,2021,2021Q2,May,Sunday,Weekend,5314,4757,10071,26.9,26.8,2,Partly Cloudy,18.6
2021-05-24,2021,2021Q2,May,Monday,Weekday,1486,2515,4001,20.5,20.2,53,Heavy Drizzle,13.6
2021-05-25,2021,2021Q2,May,Tuesday,Weekday,3373,5317,8690,20.6,20.0,3,Cloudy,11.3
2021-05-26,2021,2021Q2,May,Wednesday,Weekday,2584,4419,7003,28.6,26.5,51,Light Drizzle,11.8
2021-05-27,2021,2021Q2,May,Thursday,Weekday,3595,5220,8815,25.8,24.9,1,Mostly Clear,13.0
2021-05-28,2021,2021Q2,May,Friday,Weekday,2977,3822,6799,22.3,21.8,63,Rain,16.8
2021-05-29,2021,2021Q2,May,Saturday,Weekend,1574,2003,3577,10.8,12.5,63,Rain,18.2
2021-05-30,2021,2021Q2,May,Sunday,Weekend,4061,2994,7055,9.0,11.1,61,Light Rain,17.0
2021-05-31,2021,2021Q2,May,Monday,Weekday,6482,4757,11239,15.3,16.0,2,Partly Cloudy,13.9
2021-06-01,2021,2021Q2,June,Tuesday,Weekday,3145,4816,7961,18.8,18.8,3,Cloudy,11.3
2021-06-02,2021,2021Q2,June,Wednesday,Weekday,3289,5152,8441,20.9,20.5,3,Cloudy,15.5
2021-06-03,2021,2021Q2,June,Thursday,Weekday,2774,4310,7084,24.2,22.1,63,Rain,14.3
2021-06-04,2021,2021Q2,June,Friday,Weekday,4061,5393,9454,26.4,23.5,61,Light Rain,14.0
2021-06-05,2021,2021Q2,June,Saturday,Weekend,6287,5458,11745,26.4,24.9,1,Mostly Clear,11.9
2021-06-06,2021,2021Q2,June,Sunday,Weekend,4469,4593,9062,28.7,26.5,1,Mostly Clear,11.6
2021-06-07,2021,2021Q2,June,Monday,Weekday,2852,4687,7539,31.0,27.3,63,Rain,11.9
2021-06-08,2021,2021Q2,June,Tuesday,Weekday,2905,5063,7968,31.2,26.7,63,Rain,10.0
2021-06-09,2021,2021Q2,June,Wednesday,Weekday,3142,5152,8294,29.7,25.3,61,Light Rain,7.7
2021-06-10,2021,2021Q2,June,Thursday,Weekday,2002,3449,5451,29.0,24.8,63,Rain,14.4
2021-06-11,2021,2021Q2,June,Friday,Weekday,1552,2729,4281,21.9,20.3,63,Rain,19.8
2021-06-12,2021,2021Q2,June,Saturday,Weekend,6967,6092,13059,22.3,20.5,51,Light Drizzle,13.0
2021-06-13,2021,2021Q2,June,Sunday,Weekend,5627,4644,10271,24.7,22.6,51,Light Drizzle,11.3
2021-06-14,2021,2021Q2,June,Monday,Weekday,3534,4800,8334,27.0,24.3,61,Light Rain,10.2
2021-06-15,2021,2021Q2,June,Tuesday,Weekday,3924,5589,9513,23.1,22.2,53,Heavy Drizzle,13.6
2021-06-16,2021,2021Q2,June,Wednesday,Weekday,4008,5922,9930,20.7,21.4,1,Mostly Clear,13.6
2021-06-17,2021,2021Q2,June,Thursday,Weekday,4396,5905,10301,19.5,20.4,2,Partly Cloudy,13.1
2021-06-18,2021,2021Q2,June,Friday,Weekday,5873,5905,11778,22.3,22.4,2,Partly Cloudy,12.8
2021-06-19,2021,2021Q2,June,Saturday,Weekend,6754,5411,12165,27.5,25.2,63,Rain,15.0
2021-06-20,2021,2021Q2,June,Sunday,Weekend,5469,4730,10199,30.1,26.6,51,Light Drizzle,10.8
2021-06-21,2021,2021Q2,June,Monday,Weekday,2934,4502,7436,31.5,27.4,53,Heavy Drizzle,12.1
2021-06-22,2021,2021Q2,June,Tuesday,Weekday,2331,4255,6586,23.0,21.2,61,Light Rain,17.1
2021-06-23,2021,2021Q2,June,Wednesday,Weekday,4429,6343,10772,18.3,18.9,2,Partly Cloudy,10.7
2021-06-24,2021,2021Q2,June,Thursday,Weekday,4493,6153,10646,20.6,20.4,3,Cloudy,11.3
2021-06-25,2021,2021Q2,June,Friday,Weekday,5024,5553,10577,22.6,21.5,2,Partly Cloudy,12.0
2021-06-26,2021,2021Q2,June,Saturday,Weekend,6646,5271,11917,27.6,24.7,53,Heavy Drizzle,18.3
2021-06-27,2021,2021Q2,June,Sunday,Weekend,5160,4661,9821,30.0,26.8,51,Light Drizzle,14.5
2021-06-28,2021,2021Q2,June,Monday,Weekday,3393,4821,8214,31.5,28.2,51,Light Drizzle,13.8
2021-06-29,2021,2021Q2,June,Tuesday,Weekday,3222,5304,8526,32.7,29.3,1,Mostly Clear,11.9
2021-06-30,2021,2021Q2,June,Wednesday,Weekday,3102,4953,8055,32.9,30.0,51,Light Drizzle,14.3
2021-07-01,2021,2021Q3,July,Thursday,Weekday,2780,4450,7230,30.8,26.3,65,Heavy Rain,12.1
2021-07-02,2021,2021Q3,July,Friday,Weekday,4794,5293,10087,24.5,23.0,63,Rain,14.5
2021-07-03,2021,2021Q3,July,Saturday,Weekend,7847,5296,13143,21.4,21.4,51,Light Drizzle,14.6
2021-07-04,2021,2021Q3,July,Sunday,Weekend,11815,5068,16883,24.3,22.8,2,Partly Cloudy,10.2
2021-07-05,2021,2021Q3,July,Monday,Weekday,6643,4618,11261,28.2,25.8,2,Partly Cloudy,11.6
2021-07-06,2021,2021Q3,July,Tuesday,Weekday,3671,5098,8769,31.3,27.9,1,Mostly Clear,13.1
2021-07-07,2021,2021Q3,July,Wednesday,Weekday,3336,5410,8746,32.8,28.6,61,Light Rain,11.9
2021-07-08,2021,2021Q3,July,Thursday,Weekday,2633,4455,7088,29.6,26.2,63,Rain,17.4
2021-07-09,2021,2021Q3,July,Friday,Weekday,3649,4818,8467,28.9,25.5,65,Heavy Rain,18.9
2021-07-10,2021,2021Q3,July,Saturday,Weekend,7498,5981,13479,26.4,24.7,3,Cloudy,14.2
2021-07-11,2021,2021Q3,July,Sunday,Weekend,5668,5036,10704,29.6,25.9,61,Light Rain,16.2
2021-07-12,2021,2021Q3,July,Monday,Weekday,3513,5145,8658,33.1,28.4,53,Heavy Drizzle,14.2
2021-07-13,2021,2021Q3,July,Tuesday,Weekday,3488,5642,9130,32.9,29.1,2,Partly Cloudy,17.2
2021-07-14,2021,2021Q3,July,Wednesday,Weekday,3428,5527,8955,31.2,27.6,63,Rain,13.3
2021-07-15,2021,2021Q3,July,Thursday,Weekday,4178,5799,9977,31.4,27.1,51,Light Drizzle,10.0
2021-07-16,2021,2021Q3,July,Friday,Weekday,4723,5666,10389,32.6,28.7,1,Mostly Clear,10.3
2021-07-17,2021,2021Q3,July,Saturday,Weekend,6108,5033,11141,33.0,28.2,63,Rain,13.4
2021-07-18,2021,2021Q3,July,Sunday,Weekend,6297,5117,11414,27.3,25.5,3,Cloudy,19.3
2021-07-19,2021,2021Q3,July,Monday,Weekday,3804,5352,9156,27.9,25.9,2,Partly Cloudy,10.5
2021-07-20,2021,2021Q3,July,Tuesday,Weekday,3663,5877,9540,30.0,26.9,1,Mostly Clear,9.0
2021-07-21,2021,2021Q3,July,Wednesday,Weekday,3826,5720,9546,29.2,27.1,53,Heavy Drizzle,13.6
2021-07-22,2021,2021Q3,July,Thursday,Weekday,4060,5854,9914,24.8,24.3,1,Mostly Clear,11.9
2021-07-23,2021,2021Q3,July,Friday,Weekday,4847,5772,10619,24.8,24.0,2,Partly Cloudy,8.3
2021-07-24,2021,2021Q3,July,Saturday,Weekend,6440,5177,11617,26.8,25.1,51,Light Drizzle,14.6
2021-07-25,2021,2021Q3,July,Sunday,Weekend,5212,4660,9872,30.4,28.0,51,Light Drizzle,15.6
2021-07-26,2021,2021Q3,July,Monday,Weekday,2860,4771,7631,32.2,28.5,51,Light Drizzle,9.2
2021-07-27,2021,2021Q3,July,Tuesday,Weekday,3210,5443,8653,32.6,28.4,1,Mostly Clear,5.7
2021-07-28,2021,2021Q3,July,Wednesday,Weekday,3334,5645,8979,30.1,28.1,1,Mostly Clear,12.1
2021-07-29,2021,2021Q3,July,Thursday,Weekday,3537,5409,8946,31.5,28.1,51,Light Drizzle,10.5
2021-07-30,2021,2021Q3,July,Friday,Weekday,4393,5687,10080,29.2,27.9,51,Light Drizzle,15.0
2021-07-31,2021,2021Q3,July,Saturday,Weekend,6902,5450,12352,25.0,24.5,3,Cloudy,12.1
2021-08-01,2021,2021Q3,August,Sunday,Weekend,3593,3584,7177,26.6,23.7,61,Light Rain,10.5
2021-08-02,2021,2021Q3,August,Monday,Weekday,4055,5455,9510,23.6,22.8,2,Partly Cloudy,13.4
2021-08-03,2021,2021Q3,August,Tuesday,Weekday,3985,5864,9849,24.4,23.1,2,Partly Cloudy,10.0
2021-08-04,2021,2021Q3,August,Wednesday,Weekday,4183,5815,9998,23.6,22.5,3,Cloudy,15.0
2021-08-05,2021,2021Q3,August,Thursday,Weekday,4294,5870,10164,26.1,24.3,2,Partly Cloudy,7.0
2021-08-06,2021,2021Q3,August,Friday,Weekday,4587,5461,10048,27.6,26.0,2,Partly Cloudy,13.8
2021-08-07,2021,2021Q3,August,Saturday,Weekend,4247,3885,8132,25.0,22.7,53,Heavy Drizzle,9.0
2021-08-08,2021,2021Q3,August,Sunday,Weekend,6262,4735,10997,27.4,24.8,1,Mostly Clear,11.4
2021-08-09,2021,2021Q3,August,Monday,Weekday,3201,4619,7820,30.1,26.0,63,Rain,13.5
2021-08-10,2021,2021Q3,August,Tuesday,Weekday,2553,4393,6946,32.3,28.1,53,Heavy Drizzle,12.9
2021-08-11,2021,2021Q3,August,Wednesday,Weekday,2647,4687,7334,34.1,28.9,61,Light Rain,8.6
2021-08-12,2021,2021Q3,August,Thursday,Weekday,3481,4959,8440,34.5,30.1,1,Mostly Clear,12.2
2021-08-13,2021,2021Q3,August,Friday,Weekday,2963,4097,7060,34.7,29.6,63,Rain,10.7
2021-08-14,2021,2021Q3,August,Saturday,Weekend,5319,4819,10138,32.2,27.2,63,Rain,10.2
2021-08-15,2021,2021Q3,August,Sunday,Weekend,5022,4487,9509,27.1,24.2,63,Rain,12.2
2021-08-16,2021,2021Q3,August,Monday,Weekday,2006,3291,5297,28.2,24.1,61,Light Rain,8.5
2021-08-17,2021,2021Q3,August,Tuesday,Weekday,3080,4982,8062,30.4,25.7,53,Heavy Drizzle,10.5
2021-08-18,2021,2021Q3,August,Wednesday,Weekday,2995,5211,8206,30.7,26.2,61,Light Rain,17.8
2021-08-19,2021,2021Q3,August,Thursday,Weekday,3423,5142,8565,31.2,27.3,51,Light Drizzle,11.9
2021-08-20,2021,2021Q3,August,Friday,Weekday,3248,4114,7362,28.7,24.5,63,Rain,9.9
2021-08-21,2021,2021Q3,August,Saturday,Weekend,5240,5102,10342,29.3,24.7,63,Rain,7.7
2021-08-22,2021,2021Q3,August,Sunday,Weekend,4921,4694,9615,28.8,24.5,51,Light Drizzle,9.4
2021-08-23,2021,2021Q3,August,Monday,Weekday,3268,5258,8526,30.8,26.8,53,Heavy Drizzle,11.6
2021-08-24,2021,2021Q3,August,Tuesday,Weekday,3122,5834,8956,32.3,28.2,1,Mostly Clear,11.7
2021-08-25,2021,2021Q3,August,Wednesday,Weekday,2873,5712,8585,33.8,28.4,51,Light Drizzle,8.3
2021-08-26,2021,2021Q3,August,Thursday,Weekday,2810,5205,8015,33.6,27.6,63,Rain,9.2
2021-08-27,2021,2021Q3,August,Friday,Weekday,3245,5222,8467,33.4,27.5,63,Rain,8.6
2021-08-28,2021,2021Q3,August,Saturday,Weekend,5928,5818,11746,31.8,26.6,51,Light Drizzle,12.4
2021-08-29,2021,2021Q3,August,Sunday,Weekend,4526,5063,9589,29.4,25.3,3,Cloudy,11.0
2021-08-30,2021,2021Q3,August,Monday,Weekday,2821,5727,8548,31.4,26.3,61,Light Rain,9.6
2021-08-31,2021,2021Q3,August,Tuesday,Weekday,2727,6264,8991,29.9,25.2,53,Heavy Drizzle,8.9
2021-09-01,2021,2021Q3,September,Wednesday,Weekday,1416,3861,5277,26.5,23.3,63,Rain,27.5
2021-09-02,2021,2021Q3,September,Thursday,Weekday,3975,6994,10969,20.1,21.1,1,Mostly Clear,21.1
2021-09-03,2021,2021Q3,September,Friday,Weekday,4932,6765,11697,19.8,20.0,3,Cloudy,13.1
2021-09-04,2021,2021Q3,September,Saturday,Weekend,7225,5422,12647,22.2,21.0,2,Partly Cloudy,11.0
2021-09-05,2021,2021Q3,September,Sunday,Weekend,5864,4247,10111,24.2,22.2,61,Light Rain,11.2
2021-09-06,2021,2021Q3,September,Monday,Weekday,5935,5338,11273,25.5,23.9,55,Heavy Drizzle,16.7
2021-09-07,2021,2021Q3,September,Tuesday,Weekday,3334,6269,9603,24.8,23.6,1,Mostly Clear,12.6
2021-09-08,2021,2021Q3,September,Wednesday,Weekday,3221,6713,9934,26.9,24.8,51,Light Drizzle,14.7
2021-09-09,2021,2021Q3,September,Thursday,Weekday,3174,6574,9748,23.9,21.9,61,Light Rain,13.0
2021-09-10,2021,2021Q3,September,Friday,Weekday,4517,7150,11667,19.3,20.1,2,Partly Cloudy,18.4
2021-09-11,2021,2021Q3,September,Saturday,Weekend,6455,6589,13044,20.2,20.1,3,Cloudy,13.3
2021-09-12,2021,2021Q3,September,Sunday,Weekend,5408,5859,11267,24.8,24.0,1,Mostly Clear,15.1
2021-09-13,2021,2021Q3,September,Monday,Weekday,2994,6154,9148,28.8,26.0,2,Partly Cloudy,13.7
2021-09-14,2021,2021Q3,September,Tuesday,Weekday,3145,6732,9877,29.9,26.2,51,Light Drizzle,11.7
2021-09-15,2021,2021Q3,September,Wednesday,Weekday,3254,6914,10168,29.0,26.7,51,Light Drizzle,16.9
2021-09-16,2021,2021Q3,September,Thursday,Weekday,2061,4371,6432,27.7,24.1,63,Rain,9.7
2021-09-17,2021,2021Q3,September,Friday,Weekday,3849,6201,10050,27.3,23.6,55,Heavy Drizzle,10.7
2021-09-18,2021,2021Q3,September,Saturday,Weekend,6077,6509,12586,28.4,24.3,51,Light Drizzle,5.6
2021-09-19,2021,2021Q3,September,Sunday,Weekend,5513,5883,11396,24.9,23.4,3,Cloudy,10.7
2021-09-20,2021,2021Q3,September,Monday,Weekday,3324,6519,9843,21.7,21.0,2,Partly Cloudy,13.1
2021-09-21,2021,2021Q3,September,Tuesday,Weekday,3136,7114,10250,23.7,22.4,51,Light Drizzle,14.0
2021-09-22,2021,2021Q3,September,Wednesday,Weekday,1498,4634,6132,25.5,23.0,63,Rain,23.1
2021-09-23,2021,2021Q3,September,Thursday,Weekday,2715,5826,8541,22.0,21.3,63,Rain,21.1
2021-09-24,2021,2021Q3,September,Friday,Weekday,4529,7369,11898,17.8,18.5,3,Cloudy,11.0
2021-09-25,2021,2021Q3,September,Saturday,Weekend,7046,6768,13814,19.0,18.8,1,Mostly Clear,7.9
2021-09-26,2021,2021Q3,September,Sunday,Weekend,5571,6008,11579,17.2,18.5,0,Clear,16.5
2021-09-27,2021,2021Q3,September,Monday,Weekday,2940,6632,9572,18.5,19.5,1,Mostly Clear,15.3
2021-09-28,2021,2021Q3,September,Tuesday,Weekday,2812,6790,9602,21.6,21.0,61,Light Rain,15.5
2021-09-29,2021,2021Q3,September,Wednesday,Weekday,3294,7140,10434,17.6,18.1,1,Mostly Clear,12.0
2021-09-30,2021,2021Q3,September,Thursday,Weekday,3455,7183,10638,16.4,17.3,3,Cloudy,10.9
2021-10-01,2021,2021Q4,October,Friday,Weekday,4688,7144,11832,16.3,16.6,3,Cloudy,7.6
2021-10-02,2021,2021Q4,October,Saturday,Weekend,7475,7046,14521,19.4,18.7,1,Mostly Clear,8.7
2021-10-03,2021,2021Q4,October,Sunday,Weekend,5970,6065,12035,23.6,22.0,3,Cloudy,12.5
2021-10-04,2021,2021Q4,October,Monday,Weekday,3039,6087,9126,25.1,22.9,63,Rain,11.8
2021-10-05,2021,2021Q4,October,Tuesday,Weekday,2875,6451,9326,23.6,20.9,61,Light Rain,13.6
2021-10-06,2021,2021Q4,October,Wednesday,Weekday,2750,6412,9162,22.4,20.3,51,Light Drizzle,12.1
2021-10-07,2021,2021Q4,October,Thursday,Weekday,3560,7146,10706,22.3,20.6,3,Cloudy,8.3
2021-10-08,2021,2021Q4,October,Friday,Weekday,4638,6551,11189,22.5,20.6,3,Cloudy,7.0
2021-10-09,2021,2021Q4,October,Saturday,Weekend,7010,6047,13057,20.6,20.2,3,Cloudy,16.2
2021-10-10,2021,2021Q4,October,Sunday,Weekend,5471,5004,10475,20.9,20.2,51,Light Drizzle,16.4
2021-10-11,2021,2021Q4,October,Monday,Weekday,3815,5611,9426,20.2,19.7,3,Cloudy,12.4
2021-10-12,2021,2021Q4,October,Tuesday,Weekday,2819,6026,8845,21.3,19.7,51,Light Drizzle,7.8
2021-10-13,2021,2021Q4,October,Wednesday,Weekday,3493,7249,10742,22.7,20.3,51,Light Drizzle,6.1
2021-10-14,2021,2021Q4,October,Thursday,Weekday,4099,7366,11465,22.7,21.4,3,Cloudy,10.4
2021-10-15,2021,2021Q4,October,Friday,Weekday,5402,7027,12429,23.6,22.0,3,Cloudy,11.3
2021-10-16,2021,2021Q4,October,Saturday,Weekend,4855,4903,9758,19.9,20.0,63,Rain,21.4
2021-10-17,2021,2021Q4,October,Sunday,Weekend,4995,5415,10410,11.0,14.6,3,Cloudy,24.6
2021-10-18,2021,2021Q4,October,Monday,Weekday,3071,6198,9269,10.7,14.1,1,Mostly Clear,23.6
2021-10-19,2021,2021Q4,October,Tuesday,Weekday,3408,7111,10519,12.2,14.6,0,Clear,14.5
2021-10-20,2021,2021Q4,October,Wednesday,Weekday,3491,7253,10744,15.8,17.6,1,Mostly Clear,13.2
2021-10-21,2021,2021Q4,October,Thursday,Weekday,4136,7359,11495,16.8,17.7,1,Mostly Clear,19.9
2021-10-22,2021,2021Q4,October,Friday,Weekday,5212,6971,12183,16.8,18.2,3,Cloudy,19.2
2021-10-23,2021,2021Q4,October,Saturday,Weekend,6501,6126,12627,14.0,15.4,3,Cloudy,15.0
2021-10-24,2021,2021Q4,October,Sunday,Weekend,5265,5559,10824,14.5,15.7,3,Cloudy,13.6
2021-10-25,2021,2021Q4,October,Monday,Weekday,2325,5240,7565,19.9,19.7,63,Rain,16.5
2021-10-26,2021,2021Q4,October,Tuesday,Weekday,2148,7168,9316,12.8,15.2,63,Rain,30.4
2021-10-27,2021,2021Q4,October,Wednesday,Weekday,2717,8561,11278,12.5,15.2,3,Cloudy,31.8
2021-10-28,2021,2021Q4,October,Thursday,Weekday,2859,8312,11171,13.6,14.7,3,Cloudy,14.7
2021-10-29,2021,2021Q4,October,Friday,Weekday,939,2747,3686,13.6,15.0,63,Rain,29.6
2021-10-30,2021,2021Q4,October,Saturday,Weekend,4584,7570,12154,14.3,15.0,53,Heavy Drizzle,14.4
2021-10-31,2021,2021Q4,October,Sunday,Weekend,4093,6872,10965,12.6,14.3,51,Light Drizzle,19.7
2021-11-01,2021,2021Q4,November,Monday,Weekday,2470,6908,9378,9.6,12.1,2,Partly Cloudy,16.8
2021-11-02,2021,2021Q4,November,Tuesday,Weekday,1161,4995,6156,6.3,8.2,53,Heavy Drizzle,10.0
2021-11-03,2021,2021Q4,November,Wednesday,Weekday,1952,7079,9031,3.4,6.8,1,Mostly Clear,14.5
2021-11-04,2021,2021Q4,November,Thursday,Weekday,2150,6985,9135,3.8,6.7,2,Partly Cloudy,7.6
2021-11-05,2021,2021Q4,November,Friday,Weekday,2923,6737,9660,3.0,6.3,1,Mostly Clear,11.8
2021-11-06,2021,2021Q4,November,Saturday,Weekend,4118,6894,11012,3.8,6.9,3,Cloudy,12.0
2021-11-07,2021,2021Q4,November,Sunday,Weekend,3194,6520,9714,5.1,8.3,1,Mostly Clear,12.4
2021-11-08,2021,2021Q4,November,Monday,Weekday,2163,7126,9289,8.7,11.5,0,Clear,14.0
2021-11-09,2021,2021Q4,November,Tuesday,Weekday,2561,7979,10540,11.0,12.8,0,Clear,9.7
2021-11-10,2021,2021Q4,November,Wednesday,Weekday,2714,8577,11291,12.5,14.1,3,Cloudy,12.0
2021-11-11,2021,2021Q4,November,Thursday,Weekday,3413,8134,11547,12.7,14.2,2,Partly Cloudy,16.8
2021-11-12,2021,2021Q4,November,Friday,Weekday,3397,6710,10107,13.5,15.0,63,Rain,20.5
2021-11-13,2021,2021Q4,November,Saturday,Weekend,4025,6233,10258,5.0,8.6,51,Light Drizzle,28.6
2021-11-14,2021,2021Q4,November,Sunday,Weekend,2476,5119,7595,2.0,5.9,3,Cloudy,15.3
2021-11-15,2021,2021Q4,November,Monday,Weekday,1514,5505,7019,2.1,6.7,51,Light Drizzle,28.5
2021-11-16,2021,2021Q4,November,Tuesday,Weekday,1774,6705,8479,2.9,6.0,2,Partly Cloudy,9.5
2021-11-17,2021,2021Q4,November,Wednesday,Weekday,2119,7386,9505,7.5,9.6,2,Partly Cloudy,14.1
2021-11-18,2021,2021Q4,November,Thursday,Weekday,2394,7094,9488,12.3,14.6,55,Heavy Drizzle,20.9
2021-11-19,2021,2021Q4,November,Friday,Weekday,1855,5973,7828,1.0,6.1,51,Light Drizzle,21.8
2021-11-20,2021,2021Q4,November,Saturday,Weekend,2589,5412,8001,0.5,3.8,2,Partly Cloudy,10.0
2021-11-21,2021,2021Q4,November,Sunday,Weekend,2407,4664,7071,4.1,7.0,3,Cloudy,12.9
2021-11-22,2021,2021Q4,November,Monday,Weekday,1776,5021,6797,4.6,8.2,53,Heavy Drizzle,19.6
2021-11-23,2021,2021Q4,November,Tuesday,Weekday,1536,4520,6056,-2.2,3.0,2,Partly Cloudy,20.8
2021-11-24,2021,2021Q4,November,Wednesday,Weekday,1759,3934,5693,-1.2,2.7,1,Mostly Clear,11.3
2021-11-25,2021,2021Q4,November,Thursday,Weekday,1904,2359,4263,2.6,5.8,3,Cloudy,9.5
2021-11-26,2021,2021Q4,November,Friday,Weekday,1446,2373,3819,0.9,5.8,61,Light Rain,29.1
2021-11-27,2021,2021Q4,November,Saturday,Weekend,1719,2958,4677,-2.2,2.7,2,Partly Cloudy,19.2
2021-11-28,2021,2021Q4,November,Sunday,Weekend,2193,3866,6059,3.6,6.8,2,Partly Cloudy,9.0
2021-11-29,2021,2021Q4,November,Monday,Weekday,1288,4458,5746,-0.4,4.4,3,Cloudy,23.3
2021-11-30,2021,2021Q4,November,Tuesday,Weekday,1468,5375,6843,0.1,3.7,3,Cloudy,13.5
2021-12-01,2021,2021Q4,December,Wednesday,Weekday,1883,5904,7787,2.9,6.1,51,Light Drizzle,12.0
2021-12-02,2021,2021Q4,December,Thursday,Weekday,2518,6381,8899,8.6,11.7,51,Light Drizzle,20.7
2021-12-03,2021,2021Q4,December,Friday,Weekday,2549,5958,8507,5.6,9.1,1,Mostly Clear,15.8
2021-12-04,2021,2021Q4,December,Saturday,Weekend,4155,5943,10098,5.2,8.0,2,Partly Cloudy,10.7
2021-12-05,2021,2021Q4,December,Sunday,Weekend,2649,4411,7060,2.5,6.0,3,Cloudy,11.0
2021-12-06,2021,2021Q4,December,Monday,Weekday,1866,5310,7176,9.2,12.2,55,Heavy Drizzle,29.8
2021-12-07,2021,2021Q4,December,Tuesday,Weekday,1540,5022,6562,-1.0,3.4,2,Partly Cloudy,23.8
2021-12-08,2021,2021Q4,December,Wednesday,Weekday,1572,4681,6253,-0.6,2.9,73,Snow,15.8
2021-12-09,2021,2021Q4,December,Thursday,Weekday,1710,4899,6609,-2.0,1.9,3,Cloudy,13.5
2021-12-10,2021,2021Q4,December,Friday,Weekday,2649,5454,8103,3.0,6.0,51,Light Drizzle,13.6
2021-12-11,2021,2021Q4,December,Saturday,Weekend,3256,4624,7880,11.8,14.0,63,Rain,27.7
2021-12-12,2021,2021Q4,December,Sunday,Weekend,2556,4258,6814,1.3,6.2,3,Cloudy,29.7
2021-12-13,2021,2021Q4,December,Monday,Weekday,1754,4556,6310,0.6,4.2,1,Mostly Clear,9.9
2021-12-14,2021,2021Q4,December,Tuesday,Weekday,2079,5294,7373,2.1,5.7,1,Mostly Clear,11.5
2021-12-15,2021,2021Q4,December,Wednesday,Weekday,1979,5146,7125,4.2,6.7,2,Partly Cloudy,9.8
2021-12-16,2021,2021Q4,December,Thursday,Weekday,2571,5553,8124,8.5,11.8,1,Mostly Clear,20.0
2021-12-17,2021,2021Q4,December,Friday,Weekday,2481,5308,7789,10.4,13.1,3,Cloudy,19.6
2021-12-18,2021,2021Q4,December,Saturday,Weekend,2717,4030,6747,7.9,10.1,61,Light Rain,12.3
2021-12-19,2021,2021Q4,December,Sunday,Weekend,1769,3001,4770,3.0,7.2,51,Light Drizzle,23.5
2021-12-20,2021,2021Q4,December,Monday,Weekday,1360,3316,4676,-3.0,0.9,0,Clear,12.2
2021-12-21,2021,2021Q4,December,Tuesday,Weekday,1210,3061,4271,-1.9,1.5,51,Light Drizzle,8.5
2021-12-22,2021,2021Q4,December,Wednesday,Weekday,1293,2958,4251,-0.7,3.6,51,Light Drizzle,24.6
2021-12-23,2021,2021Q4,December,Thursday,Weekday,1189,2471,3660,-3.5,0.8,2,Partly Cloudy,13.8
2021-12-24,2021,2021Q4,December,Friday,Weekday,1310,2006,3316,3.4,7.2,3,Cloudy,18.3
2021-12-25,2021,2021Q4,December,Saturday,Weekend,1876,1308,3184,10.4,12.7,61,Light Rain,17.5
2021-12-26,2021,2021Q4,December,Sunday,Weekend,2436,2070,4506,8.3,11.1,3,Cloudy,16.7
2021-12-27,2021,2021Q4,December,Monday,Weekday,1189,1933,3122,0.8,3.9,53,Heavy Drizzle,13.1
2021-12-28,2021,2021Q4,December,Tuesday,Weekday,2387,2605,4992,5.1,7.9,51,Light Drizzle,14.3
2021-12-29,2021,2021Q4,December,Wednesday,Weekday,1974,2497,4471,8.0,9.8,61,Light Rain,11.3
2021-12-30,2021,2021Q4,December,Thursday,Weekday,2074,2651,4725,8.2,9.1,61,Light Rain,8.3
2021-12-31,2021,2021Q4,December,Friday,Weekday,2743,2944,5687,10.7,11.7,53,Heavy Drizzle,13.0
2022-01-01,2022,2022Q1,January,Saturday,Weekend,1788,1664,3452,14.4,14.1,63,Rain,13.7
2022-01-02,2022,2022Q1,January,Sunday,Weekend,2389,3030,5419,13.6,14.6,61,Light Rain,20.0
2022-01-03,2022,2022Q1,January,Monday,Weekday,174,323,497,-4.4,0.5,75,Heavy Snow,22.3
2022-01-04,2022,2022Q1,January,Tuesday,Weekday,369,888,1257,-8.0,-3.8,3,Cloudy,12.0
2022-01-05,2022,2022Q1,January,Wednesday,Weekday,610,1655,2265,-3.1,1.0,3,Cloudy,15.8
2022-01-06,2022,2022Q1,January,Thursday,Weekday,1055,2692,3747,-2.3,1.6,3,Cloudy,13.5
2022-01-07,2022,2022Q1,January,Friday,Weekday,651,1584,2235,-7.3,-1.9,75,Heavy Snow,22.7
2022-01-08,2022,2022Q1,January,Saturday,Weekend,1024,2294,3318,-9.4,-4.8,0,Clear,14.4
2022-01-09,2022,2022Q1,January,Sunday,Weekend,462,1302,1764,-2.2,2.0,61,Light Rain,17.1
2022-01-10,2022,2022Q1,January,Monday,Weekday,1014,2848,3862,-5.5,0.1,2,Partly Cloudy,22.4
2022-01-11,2022,2022Q1,January,Tuesday,Weekday,784,2553,3337,-9.2,-3.9,3,Cloudy,20.5
2022-01-12,2022,2022Q1,January,Wednesday,Weekday,1175,3276,4451,-6.4,-1.5,1,Mostly Clear,16.4
2022-01-13,2022,2022Q1,January,Thursday,Weekday,1424,3578,5002,-0.6,2.6,3,Cloudy,12.2
2022-01-14,2022,2022Q1,January,Friday,Weekday,1505,3504,5009,-0.7,3.4,3,Cloudy,18.4
2022-01-15,2022,2022Q1,January,Saturday,Weekend,1102,2398,3500,-7.8,-2.3,3,Cloudy,17.4
2022-01-16,2022,2022Q1,January,Sunday,Weekend,412,1201,1613,-8.3,-3.2,75,Heavy Snow,30.3
2022-01-17,2022,2022Q1,January,Monday,Weekday,643,1940,2583,-3.2,2.4,73,Snow,29.7
2022-01-18,2022,2022Q1,January,Tuesday,Weekday,922,3206,4128,-5.1,0.1,3,Cloudy,23.6
2022-01-19,2022,2022Q1,January,Wednesday,Weekday,1271,3902,5173,-1.5,3.0,3,Cloudy,18.3
2022-01-20,2022,2022Q1,January,Thursday,Weekday,845,2444,3289,-1.8,2.1,73,Snow,15.7
2022-01-21,2022,2022Q1,January,Friday,Weekday,881,2778,3659,-9.3,-3.8,3,Cloudy,16.6
2022-01-22,2022,2022Q1,January,Saturday,Weekend,1345,2804,4149,-8.6,-3.8,3,Cloudy,12.6
2022-01-23,2022,2022Q1,January,Sunday,Weekend,1294,2674,3968,-5.4,-1.0,2,Partly Cloudy,10.3
2022-01-24,2022,2022Q1,January,Monday,Weekday,1061,3377,4438,-3.8,0.4,3,Cloudy,15.6
2022-01-25,2022,2022Q1,January,Tuesday,Weekday,1208,3768,4976,-1.6,2.5,3,Cloudy,15.1
2022-01-26,2022,2022Q1,January,Wednesday,Weekday,1054,3223,4277,-7.1,-2.0,1,Mostly Clear,13.4
2022-01-27,2022,2022Q1,January,Thursday,Weekday,1067,3534,4601,-6.3,-2.0,3,Cloudy,10.2
2022-01-28,2022,2022Q1,January,Friday,Weekday,776,2806,3582,-3.6,0.1,73,Snow,13.8
2022-01-29,2022,2022Q1,January,Saturday,Weekend,743,1978,2721,-10.6,-4.0,71,Light Snow,26.0
2022-01-30,2022,2022Q1,January,Sunday,Weekend,859,2220,3079,-9.1,-4.1,2,Partly Cloudy,19.6
2022-01-31,2022,2022Q1,January,Monday,Weekday,871,3397,4268,-6.0,-1.7,3,Cloudy,11.1
2022-02-01,2022,2022Q1,February,Tuesday,Weekday,1146,4028,5174,-4.5,-0.6,1,Mostly Clear,10.9
2022-02-02,2022,2022Q1,February,Wednesday,Weekday,1439,4368,5807,-0.4,2.5,3,Cloudy,11.7
2022-02-03,2022,2022Q1,February,Thursday,Weekday,768,2449,3217,5.5,7.7,63,Rain,21.6
2022-02-04,2022,2022Q1,February,Friday,Weekday,637,1904,2541,4.3,7.6,63,Rain,27.5
2022-02-05,2022,2022Q1,February,Saturday,Weekend,1315,3126,4441,-6.8,-1.1,3,Cloudy,24.0
2022-02-06,2022,2022Q1,February,Sunday,Weekend,1236,2970,4206,-6.1,-1.8,3,Cloudy,10.2
2022-02-07,2022,2022Q1,February,Monday,Weekday,768,3238,4006,-1.4,1.6,55,Heavy Drizzle,7.4
2022-02-08,2022,2022Q1,February,Tuesday,Weekday,1220,4281,5501,-2.0,2.1,1,Mostly Clear,16.7
2022-02-09,2022,2022Q1,February,Wednesday,Weekday,1565,4805,6370,0.2,3.9,0,Clear,14.6
2022-02-10,2022,2022Q1,February,Thursday,Weekday,1936,4800,6736,3.1,7.1,53,Heavy Drizzle,25.1
2022-02-11,2022,2022Q1,February,Friday,Weekday,2706,5168,7874,4.8,8.7,0,Clear,21.4
2022-02-12,2022,2022Q1,February,Saturday,Weekend,3869,4791,8660,7.1,10.8,3,Cloudy,21.1
2022-02-13,2022,2022Q1,February,Sunday,Weekend,871,2040,2911,-2.8,1.3,73,Snow,14.0
2022-02-14,2022,2022Q1,February,Monday,Weekday,860,3223,4083,-7.5,-2.4,3,Cloudy,16.3
2022-02-15,2022,2022Q1,February,Tuesday,Weekday,1242,3788,5030,-5.4,-1.2,0,Clear,12.0
2022-02-16,2022,2022Q1,February,Wednesday,Weekday,1569,4614,6183,-0.9,3.2,3,Cloudy,16.2
2022-02-17,2022,2022Q1,February,Thursday,Weekday,1998,5301,7299,9.7,13.3,55,Heavy Drizzle,23.9
2022-02-18,2022,2022Q1,February,Friday,Weekday,1580,3880,5460,3.8,8.6,61,Light Rain,32.4
2022-02-19,2022,2022Q1,February,Saturday,Weekend,1886,3170,5056,-4.5,1.0,3,Cloudy,31.9
2022-02-20,2022,2022Q1,February,Sunday,Weekend,1968,2887,4855,-4.7,-0.0,0,Clear,15.8
2022-02-21,2022,2022Q1,February,Monday,Weekday,3509,4457,7966,2.9,6.6,1,Mostly Clear,14.7
2022-02-22,2022,2022Q1,February,Tuesday,Weekday,1366,3773,5139,10.7,12.9,61,Light Rain,27.9
2022-02-23,2022,2022Q1,February,Wednesday,Weekday,2591,5477,8068,13.3,15.9,51,Light Drizzle,23.6
2022-02-24,2022,2022Q1,February,Thursday,Weekday,761,2669,3430,-1.5,2.7,51,Light Drizzle,15.7
2022-02-25,2022,2022Q1,February,Friday,Weekday,1697,3956,5653,0.9,4.9,61,Light Rain,26.9
2022-02-26,2022,2022Q1,February,Saturday,Weekend,2562,3744,6306,-1.4,2.7,3,Cloudy,15.3
2022-02-27,2022,2022Q1,February,Sunday,Weekend,2704,3861,6565,0.6,4.9,1,Mostly Clear,19.8
2022-02-28,2022,2022Q1,February,Monday,Weekday,1480,4300,5780,-0.2,3.9,1,Mostly Clear,12.8
2022-03-01,2022,2022Q1,March,Tuesday,Weekday,1882,5046,6928,2.5,6.1,3,Cloudy,14.7
2022-03-02,2022,2022Q1,March,Wednesday,Weekday,2506,5382,7888,6.1,8.9,2,Partly Cloudy,16.2
2022-03-03,2022,2022Q1,March,Thursday,Weekday,2075,4980,7055,3.7,8.0,3,Cloudy,19.1
2022-03-04,2022,2022Q1,March,Friday,Weekday,2194,4523,6717,-1.8,2.2,1,Mostly Clear,15.5
2022-03-05,2022,2022Q1,March,Saturday,Weekend,4619,5073,9692,4.0,7.1,2,Partly Cloudy,15.9
2022-03-06,2022,2022Q1,March,Sunday,Weekend,4606,4734,9340,15.0,16.5,55,Heavy Drizzle,23.5
2022-03-07,2022,2022Q1,March,Monday,Weekday,2251,4399,6650,17.1,19.0,55,Heavy Drizzle,30.0
2022-03-08,2022,2022Q1,March,Tuesday,Weekday,2434,5164,7598,4.3,8.6,3,Cloudy,26.4
2022-03-09,2022,2022Q1,March,Wednesday,Weekday,993,2898,3891,2.4,5.3,73,Snow,13.3
2022-03-10,2022,2022Q1,March,Thursday,Weekday,2382,5195,7577,3.3,6.2,3,Cloudy,10.4
2022-03-11,2022,2022Q1,March,Friday,Weekday,3757,5480,9237,5.6,8.3,1,Mostly Clear,16.8
2022-03-12,2022,2022Q1,March,Saturday,Weekend,626,1493,2119,-3.3,2.0,75,Heavy Snow,29.6
2022-03-13,2022,2022Q1,March,Sunday,Weekend,1610,2701,4311,-6.9,-1.7,1,Mostly Clear,21.4
2022-03-14,2022,2022Q1,March,Monday,Weekday,3095,4912,8007,1.8,5.4,1,Mostly Clear,12.2
2022-03-15,2022,2022Q1,March,Tuesday,Weekday,4339,6081,10420,8.8,11.4,2,Partly Cloudy,12.1
2022-03-16,2022,2022Q1,March,Wednesday,Weekday,4641,6414,11055,10.1,12.3,1,Mostly Clear,15.3
2022-03-17,2022,2022Q1,March,Thursday,Weekday,1755,3848,5603,10.1,11.3,61,Light Rain,11.7
2022-03-18,2022,2022Q1,March,Friday,Weekday,5417,6028,11445,13.6,14.7,3,Cloudy,18.8
2022-03-19,2022,2022Q1,March,Saturday,Weekend,8072,5956,14028,15.7,17.4,51,Light Drizzle,25.3
2022-03-20,2022,2022Q1,March,Sunday,Weekend,4630,4371,9001,7.5,11.9,3,Cloudy,26.7
2022-03-21,2022,2022Q1,March,Monday,Weekday,4813,6216,11029,8.7,12.4,2,Partly Cloudy,20.7
2022-03-22,2022,2022Q1,March,Tuesday,Weekday,5460,7282,12742,8.9,11.4,3,Cloudy,12.0
2022-03-23,2022,2022Q1,March,Wednesday,Weekday,1745,4160,5905,7.8,10.6,61,Light Rain,18.9
2022-03-24,2022,2022Q1,March,Thursday,Weekday,2775,4956,7731,14.7,14.8,63,Rain,16.7
2022-03-25,2022,2022Q1,March,Friday,Weekday,6259,6409,12668,9.3,12.0,51,Light Drizzle,18.8
2022-03-26,2022,2022Q1,March,Saturday,Weekend,6536,4987,11523,4.1,8.6,53,Heavy Drizzle,23.4
2022-03-27,2022,2022Q1,March,Sunday,Weekend,2623,3212,5835,-1.7,4.1,3,Cloudy,25.4
2022-03-28,2022,2022Q1,March,Monday,Weekday,1371,3634,5005,-5.7,0.5,3,Cloudy,30.1
2022-03-29,2022,2022Q1,March,Tuesday,Weekday,2036,4609,6645,-3.8,1.2,1,Mostly Clear,18.6
2022-03-30,2022,2022Q1,March,Wednesday,Weekday,3017,5599,8616,3.9,7.3,3,Cloudy,17.2
2022-03-31,2022,2022Q1,March,Thursday,Weekday,2573,5416,7989,15.2,16.9,63,Rain,28.6
2022-04-01,2022,2022Q2,April,Friday,Weekday,3529,5538,9067,6.9,11.2,53,Heavy Drizzle,28.9
2022-04-02,2022,2022Q2,April,Saturday,Weekend,7788,5879,13667,4.2,7.5,2,Partly Cloudy,16.4
2022-04-03,2022,2022Q2,April,Sunday,Weekend,5426,4874,10300,6.0,9.9,51,Light Drizzle,27.1
2022-04-04,2022,2022Q2,April,Monday,Weekday,3481,5224,8705,4.7,8.0,3,Cloudy,15.4
2022-04-05,2022,2022Q2,April,Tuesday,Weekday,1450,3858,5308,8.2,9.9,61,Light Rain,17.9
2022-04-06,2022,2022Q2,April,Wednesday,Weekday,2517,5538,8055,10.9,12.1,63,Rain,18.7
2022-04-07,2022,2022Q2,April,Thursday,Weekday,1162,3324,4486,8.7,10.5,63,Rain,18.4
2022-04-08,2022,2022Q2,April,Friday,Weekday,4452,6224,10676,8.2,11.0,51,Light Drizzle,18.9
2022-04-09,2022,2022Q2,April,Saturday,Weekend,6200,5353,11553,6.4,9.0,53,Heavy Drizzle,16.4
2022-04-10,2022,2022Q2,April,Sunday,Weekend,3880,4224,8104,2.9,7.6,51,Light Drizzle,26.0
2022-04-11,2022,2022Q2,April,Monday,Weekday,3880,5584,9464,7.0,9.6,2,Partly Cloudy,14.7
2022-04-12,2022,2022Q2,April,Tuesday,Weekday,4913,6736,11649,15.8,16.4,51,Light Drizzle,15.0
2022-04-13,2022,2022Q2,April,Wednesday,Weekday,5316,7133,12449,20.2,20.0,3,Cloudy,20.0
2022-04-14,2022,2022Q2,April,Thursday,Weekday,4382,6121,10503,19.3,21.0,51,Light Drizzle,24.5
2022-04-15,2022,2022Q2,April,Friday,Weekday,7063,6264,13327,11.6,14.6,1,Mostly Clear,20.4
2022-04-16,2022,2022Q2,April,Saturday,Weekend,8601,5633,14234,15.0,17.8,51,Light Drizzle,21.1
2022-04-17,2022,2022Q2,April,Sunday,Weekend,5607,4279,9886,7.2,10.7,51,Light Drizzle,20.8
2022-04-18,2022,2022Q2,April,Monday,Weekday,920,2565,3485,3.0,6.7,61,Light Rain,21.2
2022-04-19,2022,2022Q2,April,Tuesday,Weekday,2601,5580,8181,2.3,7.3,55,Heavy Drizzle,27.7
2022-04-20,2022,2022Q2,April,Wednesday,Weekday,4108,6731,10839,6.3,9.2,0,Clear,13.7
2022-04-21,2022,2022Q2,April,Thursday,Weekday,4180,6571,10751,10.2,12.9,3,Cloudy,17.5
2022-04-22,2022,2022Q2,April,Friday,Weekday,5948,6967,12915,15.7,16.8,3,Cloudy,14.5
2022-04-23,2022,2022Q2,April,Saturday,Weekend,8236,6666,14902,14.8,16.2,3,Cloudy,14.9
2022-04-24,2022,2022Q2,April,Sunday,Weekend,7578,6082,13660,19.1,18.8,0,Clear,17.7
2022-04-25,2022,2022Q2,April,Monday,Weekday,3962,6378,10340,16.1,16.7,3,Cloudy,16.7
2022-04-26,2022,2022Q2,April,Tuesday,Weekday,2650,5616,8266,17.0,16.8,53,Heavy Drizzle,12.9
2022-04-27,2022,2022Q2,April,Wednesday,Weekday,3548,6703,10251,6.8,11.2,3,Cloudy,24.5
2022-04-28,2022,2022Q2,April,Thursday,Weekday,3512,6386,9898,4.0,8.4,1,Mostly Clear,20.4
2022-04-29,2022,2022Q2,April,Friday,Weekday,5106,6395,11501,7.5,10.7,1,Mostly Clear,15.1
2022-04-30,2022,2022Q2,April,Saturday,Weekend,7754,6259,14013,10.3,12.7,1,Mostly Clear,14.2
2022-05-01,2022,2022Q2,May,Sunday,Weekend,4032,4355,8387,12.4,13.6,61,Light Rain,12.9
2022-05-02,2022,2022Q2,May,Monday,Weekday,4759,6582,11341,19.3,18.9,3,Cloudy,8.9
2022-05-03,2022,2022Q2,May,Tuesday,Weekday,4599,7210,11809,16.6,17.2,3,Cloudy,18.8
2022-05-04,2022,2022Q2,May,Wednesday,Weekday,3990,6853,10843,18.9,18.3,61,Light Rain,10.5
2022-05-05,2022,2022Q2,May,Thursday,Weekday,4462,6781,11243,16.2,16.9,51,Light Drizzle,13.8
2022-05-06,2022,2022Q2,May,Friday,Weekday,1301,2867,4168,14.2,14.8,63,Rain,20.3
2022-05-07,2022,2022Q2,May,Saturday,Weekend,881,1958,2839,6.7,10.0,61,Light Rain,26.5
2022-05-08,2022,2022Q2,May,Sunday,Weekend,3023,4101,7124,5.5,9.1,3,Cloudy,23.9
2022-05-09,2022,2022Q2,May,Monday,Weekday,3868,6429,10297,10.1,12.6,0,Clear,15.0
2022-05-10,2022,2022Q2,May,Tuesday,Weekday,4589,7373,11962,12.2,14.6,0,Clear,17.1
2022-05-11,2022,2022Q2,May,Wednesday,Weekday,4577,7323,11900,13.8,15.5,3,Cloudy,15.9
2022-05-12,2022,2022Q2,May,Thursday,Weekday,4584,6810,11394,16.7,16.9,3,Cloudy,16.4
2022-05-13,2022,2022Q2,May,Friday,Weekday,4729,5665,10394,19.1,18.1,61,Light Rain,16.5
2022-05-14,2022,2022Q2,May,Saturday,Weekend,6446,5826,12272,20.3,18.6,53,Heavy Drizzle,12.8
2022-05-15,2022,2022Q2,May,Sunday,Weekend,6453,5700,12153,23.1,20.7,51,Light Drizzle,7.6
2022-05-16,2022,2022Q2,May,Monday,Weekday,3212,5295,8507,22.1,21.0,53,Heavy Drizzle,20.3
2022-05-17,2022,2022Q2,May,Tuesday,Weekday,4980,7748,12728,18.4,20.1,1,Mostly Clear,22.7
2022-05-18,2022,2022Q2,May,Wednesday,Weekday,4884,7258,12142,17.1,18.1,3,Cloudy,13.0
2022-05-19,2022,2022Q2,May,Thursday,Weekday,4962,7004,11966,21.7,21.3,63,Rain,17.9
2022-05-20,2022,2022Q2,May,Friday,Weekday,5709,6745,12454,26.7,25.1,3,Cloudy,18.9
2022-05-21,2022,2022Q2,May,Saturday,Weekend,7096,5932,13028,30.0,28.4,1,Mostly Clear,18.2
2022-05-22,2022,2022Q2,May,Sunday,Weekend,5159,4589,9748,29.7,26.8,61,Light Rain,14.9
2022-05-23,2022,2022Q2,May,Monday,Weekday,4473,6096,10569,19.7,20.0,51,Light Drizzle,16.6
2022-05-24,2022,2022Q2,May,Tuesday,Weekday,3062,5816,8878,15.3,15.8,55,Heavy Drizzle,14.4
2022-05-25,2022,2022Q2,May,Wednesday,Weekday,4633,7415,12048,16.0,17.2,3,Cloudy,13.9
2022-05-26,2022,2022Q2,May,Thursday,Weekday,4665,6814,11479,18.5,18.2,3,Cloudy,15.0
2022-05-27,2022,2022Q2,May,Friday,Weekday,3459,4891,8350,22.5,20.8,61,Light Rain,22.0
2022-05-28,2022,2022Q2,May,Saturday,Weekend,8423,5947,14370,21.4,21.1,55,Heavy Drizzle,15.3
2022-05-29,2022,2022Q2,May,Sunday,Weekend,9419,5681,15100,22.8,22.0,3,Cloudy,11.5
2022-05-30,2022,2022Q2,May,Monday,Weekday,6987,5450,12437,25.5,24.8,1,Mostly Clear,20.4
2022-05-31,2022,2022Q2,May,Tuesday,Weekday,4205,6686,10891,28.9,27.5,1,Mostly Clear,21.1
2022-06-01,2022,2022Q2,June,Wednesday,Weekday,4397,6973,11370,30.3,28.0,2,Partly Cloudy,8.8
2022-06-02,2022,2022Q2,June,Thursday,Weekday,3125,5377,8502,29.0,25.8,63,Rain,11.5
2022-06-03,2022,2022Q2,June,Friday,Weekday,6113,7371,13484,22.5,22.7,1,Mostly Clear,15.3
2022-06-04,2022,2022Q2,June,Saturday,Weekend,8670,7237,15907,22.5,22.8,1,Mostly Clear,10.2
2022-06-05,2022,2022Q2,June,Sunday,Weekend,7331,6595,13926,19.7,21.0,1,Mostly Clear,14.9
2022-06-06,2022,2022Q2,June,Monday,Weekday,5268,7140,12408,20.9,21.9,1,Mostly Clear,17.4
2022-06-07,2022,2022Q2,June,Tuesday,Weekday,3578,5949,9527,22.4,22.1,55,Heavy Drizzle,19.9
2022-06-08,2022,2022Q2,June,Wednesday,Weekday,4504,7178,11682,27.1,24.3,61,Light Rain,10.2
2022-06-09,2022,2022Q2,June,Thursday,Weekday,5649,7981,13630,24.8,24.4,51,Light Drizzle,22.1
2022-06-10,2022,2022Q2,June,Friday,Weekday,6880,7881,14761,21.2,21.7,3,Cloudy,10.8
2022-06-11,2022,2022Q2,June,Saturday,Weekend,7102,6220,13322,21.3,20.2,61,Light Rain,11.1
2022-06-12,2022,2022Q2,June,Sunday,Weekend,6915,6275,13190,24.8,22.1,61,Light Rain,11.4
2022-06-13,2022,2022Q2,June,Monday,Weekday,4530,6902,11432,30.6,26.6,51,Light Drizzle,10.0
2022-06-14,2022,2022Q2,June,Tuesday,Weekday,4970,7824,12794,28.7,24.8,65,Heavy Rain,11.8
2022-06-15,2022,2022Q2,June,Wednesday,Weekday,5440,7987,13427,29.0,25.8,3,Cloudy,11.5
2022-06-16,2022,2022Q2,June,Thursday,Weekday,5302,7491,12793,27.9,24.9,63,Rain,15.7
2022-06-17,2022,2022Q2,June,Friday,Weekday,5960,7052,13012,30.8,28.6,51,Light Drizzle,24.7
2022-06-18,2022,2022Q2,June,Saturday,Weekend,9539,7218,16757,19.4,22.0,3,Cloudy,28.6
2022-06-19,2022,2022Q2,June,Sunday,Weekend,8967,6222,15189,17.1,20.1,1,Mostly Clear,22.2
2022-06-20,2022,2022Q2,June,Monday,Weekday,7117,6674,13791,19.3,21.1,2,Partly Cloudy,12.7
2022-06-21,2022,2022Q2,June,Tuesday,Weekday,5475,7416,12891,23.9,23.6,2,Partly Cloudy,12.5
2022-06-22,2022,2022Q2,June,Wednesday,Weekday,3903,6237,10140,26.4,23.9,63,Rain,14.8
2022-06-23,2022,2022Q2,June,Thursday,Weekday,4191,6264,10455,21.5,19.7,63,Rain,14.8
2022-06-24,2022,2022Q2,June,Friday,Weekday,7220,8029,15249,24.6,22.3,51,Light Drizzle,8.4
2022-06-25,2022,2022Q2,June,Saturday,Weekend,8837,7158,15995,27.0,24.5,2,Partly Cloudy,11.4
2022-06-26,2022,2022Q2,June,Sunday,Weekend,6652,5924,12576,27.8,25.9,51,Light Drizzle,17.7
2022-06-27,2022,2022Q2,June,Monday,Weekday,4709,6484,11193,26.4,24.3,63,Rain,15.1
2022-06-28,2022,2022Q2,June,Tuesday,Weekday,5887,8018,13905,22.4,22.8,1,Mostly Clear,14.8
2022-06-29,2022,2022Q2,June,Wednesday,Weekday,5572,7914,13486,25.3,24.2,2,Partly Cloudy,11.7
2022-06-30,2022,2022Q2,June,Thursday,Weekday,5309,7553,12862,28.9,26.3,2,Partly Cloudy,12.7
2022-07-01,2022,2022Q3,July,Friday,Weekday,5643,6866,12509,30.7,28.1,51,Light Drizzle,14.5
2022-07-02,2022,2022Q3,July,Saturday,Weekend,6892,5651,12543,30.9,27.4,63,Rain,15.5
2022-07-03,2022,2022Q3,July,Sunday,Weekend,9053,5580,14633,28.9,25.9,53,Heavy Drizzle,11.0
2022-07-04,2022,2022Q3,July,Monday,Weekday,12839,6692,19531,26.6,25.1,1,Mostly Clear,10.6
2022-07-05,2022,2022Q3,July,Tuesday,Weekday,5154,6477,11631,28.8,25.5,65,Heavy Rain,18.5
2022-07-06,2022,2022Q3,July,Wednesday,Weekday,5120,7082,12202,32.2,28.1,51,Light Drizzle,12.1
2022-07-07,2022,2022Q3,July,Thursday,Weekday,5357,6983,12340,28.9,24.8,61,Light Rain,13.1
2022-07-08,2022,2022Q3,July,Friday,Weekday,5904,7050,12954,29.2,25.3,51,Light Drizzle,6.9
2022-07-09,2022,2022Q3,July,Saturday,Weekend,3605,4157,7762,26.2,22.6,65,Heavy Rain,15.1
2022-07-10,2022,2022Q3,July,Sunday,Weekend,7766,6588,14354,25.6,23.1,3,Cloudy,8.4
2022-07-11,2022,2022Q3,July,Monday,Weekday,5626,7256,12882,25.2,23.2,3,Cloudy,11.9
2022-07-12,2022,2022Q3,July,Tuesday,Weekday,3941,6265,10206,29.0,26.2,55,Heavy Drizzle,16.8
2022-07-13,2022,2022Q3,July,Wednesday,Weekday,5893,8190,14083,30.0,26.8,2,Partly Cloudy,14.5
2022-07-14,2022,2022Q3,July,Thursday,Weekday,6024,7775,13799,28.8,26.4,51,Light Drizzle,11.5
2022-07-15,2022,2022Q3,July,Friday,Weekday,6516,7371,13887,28.3,25.3,1,Mostly Clear,8.8
2022-07-16,2022,2022Q3,July,Saturday,Weekend,7478,6240,13718,28.5,24.4,63,Rain,8.5
2022-07-17,2022,2022Q3,July,Sunday,Weekend,7026,5984,13010,30.0,25.6,51,Light Drizzle,9.1
2022-07-18,2022,2022Q3,July,Monday,Weekday,4603,6645,11248,31.1,26.8,61,Light Rain,18.2
2022-07-19,2022,2022Q3,July,Tuesday,Weekday,5448,8107,13555,30.4,26.8,2,Partly Cloudy,10.1
2022-07-20,2022,2022Q3,July,Wednesday,Weekday,5554,7974,13528,31.4,27.8,1,Mostly Clear,12.7
2022-07-21,2022,2022Q3,July,Thursday,Weekday,4959,6912,11871,32.9,29.0,55,Heavy Drizzle,13.4
2022-07-22,2022,2022Q3,July,Friday,Weekday,5683,6944,12627,31.3,28.8,1,Mostly Clear,11.4
2022-07-23,2022,2022Q3,July,Saturday,Weekend,6842,5865,12707,32.6,29.1,1,Mostly Clear,15.8
2022-07-24,2022,2022Q3,July,Sunday,Weekend,5852,5176,11028,32.9,29.5,2,Partly Cloudy,15.2
2022-07-25,2022,2022Q3,July,Monday,Weekday,3923,6017,9940,32.6,28.8,65,Heavy Rain,16.3
2022-07-26,2022,2022Q3,July,Tuesday,Weekday,4848,7315,12163,28.4,24.7,51,Light Drizzle,8.7
2022-07-27,2022,2022Q3,July,Wednesday,Weekday,5416,7794,13210,30.5,25.9,61,Light Rain,9.3
2022-07-28,2022,2022Q3,July,Thursday,Weekday,5323,7142,12465,31.6,27.1,55,Heavy Drizzle,13.6
2022-07-29,2022,2022Q3,July,Friday,Weekday,4986,6150,11136,30.2,25.6,61,Light Rain,9.1
2022-07-30,2022,2022Q3,July,Saturday,Weekend,8787,6645,15432,27.7,25.6,2,Partly Cloudy,12.9
2022-07-31,2022,2022Q3,July,Sunday,Weekend,5680,5049,10729,27.8,24.2,61,Light Rain,11.7
2022-08-01,2022,2022Q3,August,Monday,Weekday,5298,7047,12345,28.5,25.1,53,Heavy Drizzle,11.3
2022-08-02,2022,2022Q3,August,Tuesday,Weekday,5156,7833,12989,30.6,27.0,51,Light Drizzle,13.1
2022-08-03,2022,2022Q3,August,Wednesday,Weekday,5439,7683,13122,30.1,27.2,3,Cloudy,9.4
2022-08-04,2022,2022Q3,August,Thursday,Weekday,3948,5902,9850,33.0,28.3,55,Heavy Drizzle,10.8
2022-08-05,2022,2022Q3,August,Friday,Weekday,4198,5240,9438,32.2,26.7,63,Rain,8.7
2022-08-06,2022,2022Q3,August,Saturday,Weekend,8078,6608,14686,30.4,26.0,51,Light Drizzle,13.6
2022-08-07,2022,2022Q3,August,Sunday,Weekend,6506,5394,11900,31.9,27.6,55,Heavy Drizzle,13.1
2022-08-08,2022,2022Q3,August,Monday,Weekday,4572,6311,10883,33.1,28.7,51,Light Drizzle,12.5
2022-08-09,2022,2022Q3,August,Tuesday,Weekday,4797,6839,11636,34.2,29.8,2,Partly Cloudy,11.3
2022-08-10,2022,2022Q3,August,Wednesday,Weekday,2887,4884,7771,32.7,27.3,65,Heavy Rain,10.0
2022-08-11,2022,2022Q3,August,Thursday,Weekday,5523,7521,13044,28.0,25.2,63,Rain,12.7
2022-08-12,2022,2022Q3,August,Friday,Weekday,6175,7178,13353,25.0,24.6,51,Light Drizzle,13.3
2022-08-13,2022,2022Q3,August,Saturday,Weekend,8231,6629,14860,22.0,22.0,1,Mostly Clear,11.8
2022-08-14,2022,2022Q3,August,Sunday,Weekend,6427,5292,11719,23.5,22.6,53,Heavy Drizzle,12.4
2022-08-15,2022,2022Q3,August,Monday,Weekday,4538,6320,10858,22.7,20.8,61,Light Rain,9.1
2022-08-16,2022,2022Q3,August,Tuesday,Weekday,5634,7835,13469,23.1,21.9,51,Light Drizzle,13.4
2022-08-17,2022,2022Q3,August,Wednesday,Weekday,5225,7597,12822,24.5,22.5,51,Light Drizzle,6.6
2022-08-18,2022,2022Q3,August,Thursday,Weekday,5784,7783,13567,24.2,22.8,0,Clear,9.0
2022-08-19,2022,2022Q3,August,Friday,Weekday,5614,7125,12739,26.6,24.0,51,Light Drizzle,12.4
2022-08-20,2022,2022Q3,August,Saturday,Weekend,7529,6689,14218,27.9,25.0,2,Partly Cloudy,12.1
2022-08-21,2022,2022Q3,August,Sunday,Weekend,4815,5022,9837,26.7,23.6,63,Rain,12.6
2022-08-22,2022,2022Q3,August,Monday,Weekday,3920,6218,10138,28.3,23.8,63,Rain,8.6
2022-08-23,2022,2022Q3,August,Tuesday,Weekday,5094,8042,13136,26.3,24.0,1,Mostly Clear,12.4
2022-08-24,2022,2022Q3,August,Wednesday,Weekday,5002,7989,12991,27.3,25.0,1,Mostly Clear,8.9
2022-08-25,2022,2022Q3,August,Thursday,Weekday,4760,7647,12407,28.7,25.4,51,Light Drizzle,9.8
2022-08-26,2022,2022Q3,August,Friday,Weekday,5445,7310,12755,29.7,26.6,51,Light Drizzle,10.9
2022-08-27,2022,2022Q3,August,Saturday,Weekend,7359,7010,14369,29.3,25.9,51,Light Drizzle,9.5
2022-08-28,2022,2022Q3,August,Sunday,Weekend,5956,6256,12212,30.4,26.2,51,Light Drizzle,10.1
2022-08-29,2022,2022Q3,August,Monday,Weekday,3932,7338,11270,30.5,26.5,51,Light Drizzle,12.3
2022-08-30,2022,2022Q3,August,Tuesday,Weekday,3213,6795,10008,30.3,27.0,51,Light Drizzle,18.4
2022-08-31,2022,2022Q3,August,Wednesday,Weekday,4678,8587,13265,24.8,24.1,3,Cloudy,15.5
2022-09-01,2022,2022Q3,September,Thursday,Weekday,4632,8146,12778,25.4,24.5,0,Clear,10.2
2022-09-02,2022,2022Q3,September,Friday,Weekday,5459,7177,12636,25.1,24.2,3,Cloudy,13.0
2022-09-03,2022,2022Q3,September,Saturday,Weekend,7476,5807,13283,27.6,25.0,51,Light Drizzle,11.0
2022-09-04,2022,2022Q3,September,Sunday,Weekend,7832,5449,13281,28.4,25.6,51,Light Drizzle,11.3
2022-09-05,2022,2022Q3,September,Monday,Weekday,5094,5120,10214,27.5,24.7,55,Heavy Drizzle,11.2
2022-09-06,2022,2022Q3,September,Tuesday,Weekday,3512,6579,10091,27.4,24.1,65,Heavy Rain,17.4
2022-09-07,2022,2022Q3,September,Wednesday,Weekday,3512,7316,10828,24.1,21.5,61,Light Rain,10.7
2022-09-08,2022,2022Q3,September,Thursday,Weekday,4995,8661,13656,23.9,22.0,51,Light Drizzle,10.9
2022-09-09,2022,2022Q3,September,Friday,Weekday,5768,8306,14074,23.2,21.8,2,Partly Cloudy,10.9
2022-09-10,2022,2022Q3,September,Saturday,Weekend,8059,7592,15651,23.2,21.4,3,Cloudy,9.1
2022-09-11,2022,2022Q3,September,Sunday,Weekend,3697,5056,8753,26.3,22.5,61,Light Rain,12.0
2022-09-12,2022,2022Q3,September,Monday,Weekday,3271,6488,9759,27.9,23.5,63,Rain,6.6
2022-09-13,2022,2022Q3,September,Tuesday,Weekday,4870,9237,14107,22.9,22.1,51,Light Drizzle,16.1
2022-09-14,2022,2022Q3,September,Wednesday,Weekday,5125,9490,14615,20.4,20.6,2,Partly Cloudy,13.5
2022-09-15,2022,2022Q3,September,Thursday,Weekday,5000,9083,14083,21.7,21.1,1,Mostly Clear,12.7
2022-09-16,2022,2022Q3,September,Friday,Weekday,5857,8512,14369,20.5,19.7,0,Clear,6.3
2022-09-17,2022,2022Q3,September,Saturday,Weekend,8395,7838,16233,23.1,21.5,3,Cloudy,10.4
2022-09-18,2022,2022Q3,September,Sunday,Weekend,6946,7116,14062,23.2,22.0,2,Partly Cloudy,10.2
2022-09-19,2022,2022Q3,September,Monday,Weekday,4282,7997,12279,25.2,23.4,2,Partly Cloudy,15.3
2022-09-20,2022,2022Q3,September,Tuesday,Weekday,5211,8988,14199,24.3,23.3,0,Clear,13.5
2022-09-21,2022,2022Q3,September,Wednesday,Weekday,4907,9111,14018,23.5,22.7,1,Mostly Clear,12.2
2022-09-22,2022,2022Q3,September,Thursday,Weekday,4188,8272,12460,21.2,22.1,53,Heavy Drizzle,26.0
2022-09-23,2022,2022Q3,September,Friday,Weekday,5294,8228,13522,12.4,16.0,2,Partly Cloudy,19.4
2022-09-24,2022,2022Q3,September,Saturday,Weekend,7397,7384,14781,14.2,15.8,1,Mostly Clear,11.4
2022-09-25,2022,2022Q3,September,Sunday,Weekend,5095,6122,11217,19.5,19.8,51,Light Drizzle,14.7
2022-09-26,2022,2022Q3,September,Monday,Weekday,4405,8127,12532,18.7,19.8,2,Partly Cloudy,17.5
2022-09-27,2022,2022Q3,September,Tuesday,Weekday,4320,8816,13136,14.9,17.7,3,Cloudy,18.4
2022-09-28,2022,2022Q3,September,Wednesday,Weekday,4484,8995,13479,13.1,15.3,3,Cloudy,14.6
2022-09-29,2022,2022Q3,September,Thursday,Weekday,4472,8686,13158,13.4,15.8,1,Mostly Clear,17.9
2022-09-30,2022,2022Q3,September,Friday,Weekday,3035,5796,8831,11.8,14.3,63,Rain,22.5
2022-10-01,2022,2022Q4,October,Saturday,Weekend,2566,4161,6727,13.4,15.1,65,Heavy Rain,26.8
2022-10-02,2022,2022Q4,October,Sunday,Weekend,1161,2570,3731,11.9,13.5,61,Light Rain,21.2
2022-10-03,2022,2022Q4,October,Monday,Weekday,1433,4114,5547,6.7,9.8,61,Light Rain,19.2
2022-10-04,2022,2022Q4,October,Tuesday,Weekday,1909,5623,7532,7.2,10.2,61,Light Rain,19.1
2022-10-05,2022,2022Q4,October,Wednesday,Weekday,2911,6827,9738,11.4,13.1,61,Light Rain,18.0
2022-10-06,2022,2022Q4,October,Thursday,Weekday,4816,8519,13335,16.2,16.8,0,Clear,10.2
2022-10-07,2022,2022Q4,October,Friday,Weekday,5525,7735,13260,16.9,17.8,51,Light Drizzle,17.9
2022-10-08,2022,2022Q4,October,Saturday,Weekend,6081,6164,12245,9.4,12.4,51,Light Drizzle,14.7
2022-10-09,2022,2022Q4,October,Sunday,Weekend,5920,6065,11985,8.2,10.8,0,Clear,12.2
2022-10-10,2022,2022Q4,October,Monday,Weekday,4565,6712,11277,10.2,12.2,0,Clear,8.9
2022-10-11,2022,2022Q4,October,Tuesday,Weekday,3850,8029,11879,12.7,14.1,0,Clear,10.2
2022-10-12,2022,2022Q4,October,Wednesday,Weekday,4318,8410,12728,13.8,15.0,3,Cloudy,15.3
2022-10-13,2022,2022Q4,October,Thursday,Weekday,2228,5167,7395,17.6,17.6,63,Rain,16.9
2022-10-14,2022,2022Q4,October,Friday,Weekday,4975,7895,12870,14.1,15.2,3,Cloudy,12.7
2022-10-15,2022,2022Q4,October,Saturday,Weekend,7451,6945,14396,13.5,15.3,0,Clear,17.2
2022-10-16,2022,2022Q4,October,Sunday,Weekend,5845,6146,11991,13.8,15.2,51,Light Drizzle,12.6
2022-10-17,2022,2022Q4,October,Monday,Weekday,3535,7193,10728,14.9,15.9,53,Heavy Drizzle,17.1
2022-10-18,2022,2022Q4,October,Tuesday,Weekday,3102,7246,10348,5.6,9.7,2,Partly Cloudy,15.6
2022-10-19,2022,2022Q4,October,Wednesday,Weekday,3279,7453,10732,4.3,8.0,3,Cloudy,18.8
2022-10-20,2022,2022Q4,October,Thursday,Weekday,3842,7655,11497,5.4,8.8,0,Clear,16.4
2022-10-21,2022,2022Q4,October,Friday,Weekday,4758,7230,11988,8.7,11.0,0,Clear,10.0
2022-10-22,2022,2022Q4,October,Saturday,Weekend,7491,6878,14369,10.8,12.3,1,Mostly Clear,9.0
2022-10-23,2022,2022Q4,October,Sunday,Weekend,4450,4952,9402,11.2,12.7,61,Light Rain,13.0
2022-10-24,2022,2022Q4,October,Monday,Weekday,3302,6648,9950,14.2,14.4,51,Light Drizzle,10.6
2022-10-25,2022,2022Q4,October,Tuesday,Weekday,3442,7746,11188,17.2,16.3,51,Light Drizzle,7.7
2022-10-26,2022,2022Q4,October,Wednesday,Weekday,3646,7961,11607,16.4,16.3,51,Light Drizzle,16.1
2022-10-27,2022,2022Q4,October,Thursday,Weekday,4101,8013,12114,11.0,14.0,3,Cloudy,17.7
2022-10-28,2022,2022Q4,October,Friday,Weekday,4141,7052,11193,8.4,11.3,2,Partly Cloudy,13.5
2022-10-29,2022,2022Q4,October,Saturday,Weekend,6200,6527,12727,9.6,11.8,3,Cloudy,10.5
2022-10-30,2022,2022Q4,October,Sunday,Weekend,5633,5951,11584,9.1,10.7,2,Partly Cloudy,7.5
2022-10-31,2022,2022Q4,October,Monday,Weekday,1936,5310,7246,13.5,13.8,63,Rain,12.0
2022-11-01,2022,2022Q4,November,Tuesday,Weekday,3356,7868,11224,16.4,16.6,61,Light Rain,15.2
2022-11-02,2022,2022Q4,November,Wednesday,Weekday,3563,8136,11699,14.4,15.2,2,Partly Cloudy,13.6
2022-11-03,2022,2022Q4,November,Thursday,Weekday,4058,8196,12254,13.2,14.0,1,Mostly Clear,9.2
2022-11-04,2022,2022Q4,November,Friday,Weekday,4851,7578,12429,15.9,15.8,3,Cloudy,11.8
2022-11-05,2022,2022Q4,November,Saturday,Weekend,7840,7393,15233,19.6,19.4,2,Partly Cloudy,17.9
2022-11-06,2022,2022Q4,November,Sunday,Weekend,5138,5765,10903,21.0,20.0,61,Light Rain,18.9
2022-11-07,2022,2022Q4,November,Monday,Weekday,3904,7639,11543,19.6,19.9,1,Mostly Clear,13.8
2022-11-08,2022,2022Q4,November,Tuesday,Weekday,3477,7644,11121,8.1,12.0,1,Mostly Clear,16.3
2022-11-09,2022,2022Q4,November,Wednesday,Weekday,3284,7717,11001,6.8,9.6,1,Mostly Clear,12.2
2022-11-10,2022,2022Q4,November,Thursday,Weekday,4004,7995,11999,12.3,13.0,3,Cloudy,8.4
2022-11-11,2022,2022Q4,November,Friday,Weekday,2005,3823,5828,18.4,17.8,61,Light Rain,22.4
2022-11-12,2022,2022Q4,November,Saturday,Weekend,7396,6775,14171,18.0,18.5,53,Heavy Drizzle,23.9
2022-11-13,2022,2022Q4,November,Sunday,Weekend,3090,4444,7534,3.4,8.4,51,Light Drizzle,22.7
2022-11-14,2022,2022Q4,November,Monday,Weekday,2122,5899,8021,1.9,5.4,1,Mostly Clear,13.0
2022-11-15,2022,2022Q4,November,Tuesday,Weekday,1028,3751,4779,1.4,4.6,63,Rain,16.1
2022-11-16,2022,2022Q4,November,Wednesday,Weekday,2098,6175,8273,2.8,6.6,61,Light Rain,18.7
2022-11-17,2022,2022Q4,November,Thursday,Weekday,1920,5924,7844,-1.1,4.0,3,Cloudy,23.4
2022-11-18,2022,2022Q4,November,Friday,Weekday,2168,5552,7720,-1.7,2.6,51,Light Drizzle,17.7
2022-11-19,2022,2022Q4,November,Saturday,Weekend,2811,4731,7542,-1.1,2.8,1,Mostly Clear,13.2
2022-11-20,2022,2022Q4,November,Sunday,Weekend,1663,2982,4645,-4.8,0.5,0,Clear,22.5
2022-11-21,2022,2022Q4,November,Monday,Weekday,1778,4744,6522,-2.6,1.8,0,Clear,14.5
2022-11-22,2022,2022Q4,November,Tuesday,Weekday,2230,5052,7282,0.9,4.6,0,Clear,11.6
2022-11-23,2022,2022Q4,November,Wednesday,Weekday,2732,4613,7345,2.7,5.9,0,Clear,10.1
2022-11-24,2022,2022Q4,November,Thursday,Weekday,2302,2195,4497,3.6,6.5,1,Mostly Clear,12.4
2022-11-25,2022,2022Q4,November,Friday,Weekday,2241,2718,4959,5.7,8.8,51,Light Drizzle,23.2
2022-11-26,2022,2022Q4,November,Saturday,Weekend,3727,3804,7531,4.2,7.6,1,Mostly Clear,13.1
2022-11-27,2022,2022Q4,November,Sunday,Weekend,991,2175,3166,7.6,10.0,63,Rain,17.8
2022-11-28,2022,2022Q4,November,Monday,Weekday,2003,5664,7667,7.2,10.2,3,Cloudy,21.6
2022-11-29,2022,2022Q4,November,Tuesday,Weekday,2149,6507,8656,4.1,7.0,3,Cloudy,13.2
2022-11-30,2022,2022Q4,November,Wednesday,Weekday,1457,4872,6329,5.7,9.4,63,Rain,27.1
2022-12-01,2022,2022Q4,December,Thursday,Weekday,2025,6106,8131,-1.4,3.5,1,Mostly Clear,19.0
2022-12-02,2022,2022Q4,December,Friday,Weekday,2459,5960,8419,-0.4,3.4,2,Partly Cloudy,12.8
2022-12-03,2022,2022Q4,December,Saturday,Weekend,3051,4943,7994,7.8,10.9,61,Light Rain,26.9
2022-12-04,2022,2022Q4,December,Sunday,Weekend,2529,4631,7160,0.6,4.4,1,Mostly Clear,15.6
2022-12-05,2022,2022Q4,December,Monday,Weekday,1722,5451,7173,-0.5,2.9,1,Mostly Clear,10.9
2022-12-06,2022,2022Q4,December,Tuesday,Weekday,1302,4297,5599,3.4,5.5,61,Light Rain,11.3
2022-12-07,2022,2022Q4,December,Wednesday,Weekday,2159,5916,8075,11.3,11.9,51,Light Drizzle,11.3
2022-12-08,2022,2022Q4,December,Thursday,Weekday,2572,6673,9245,8.9,10.6,3,Cloudy,12.1
2022-12-09,2022,2022Q4,December,Friday,Weekday,2557,5987,8544,2.7,6.0,2,Partly Cloudy,10.1
2022-12-10,2022,2022Q4,December,Saturday,Weekend,2660,4753,7413,-0.6,2.8,3,Cloudy,9.2
2022-12-11,2022,2022Q4,December,Sunday,Weekend,2298,4359,6657,3.6,6.0,51,Light Drizzle,10.5
2022-12-12,2022,2022Q4,December,Monday,Weekday,1615,4933,6548,0.2,4.0,3,Cloudy,16.0
2022-12-13,2022,2022Q4,December,Tuesday,Weekday,1925,5441,7366,-2.5,1.4,1,Mostly Clear,9.7
2022-12-14,2022,2022Q4,December,Wednesday,Weekday,2029,5621,7650,-3.5,0.2,3,Cloudy,8.0
2022-12-15,2022,2022Q4,December,Thursday,Weekday,430,1672,2102,0.8,4.2,63,Rain,22.1
2022-12-16,2022,2022Q4,December,Friday,Weekday,2282,5243,7525,3.0,6.7,61,Light Rain,19.4
2022-12-17,2022,2022Q4,December,Saturday,Weekend,2415,4451,6866,-1.2,2.8,3,Cloudy,16.2
2022-12-18,2022,2022Q4,December,Sunday,Weekend,1683,3306,4989,-3.0,1.6,3,Cloudy,20.8
2022-12-19,2022,2022Q4,December,Monday,Weekday,1233,3945,5178,-3.9,0.9,1,Mostly Clear,16.6
2022-12-20,2022,2022Q4,December,Tuesday,Weekday,1525,4201,5726,-3.9,0.2,0,Clear,11.2
2022-12-21,2022,2022Q4,December,Wednesday,Weekday,1561,3907,5468,-3.4,0.1,1,Mostly Clear,9.6
2022-12-22,2022,2022Q4,December,Thursday,Weekday,333,1271,1604,0.9,4.4,63,Rain,23.2
2022-12-23,2022,2022Q4,December,Friday,Weekday,446,1269,1715,-5.7,0.1,63,Rain,33.3
2022-12-24,2022,2022Q4,December,Saturday,Weekend,315,796,1111,-15.2,-9.1,1,Mostly Clear,24.9
2022-12-25,2022,2022Q4,December,Sunday,Weekend,373,570,943,-9.8,-5.1,0,Clear,13.0
2022-12-26,2022,2022Q4,December,Monday,Weekday,609,1240,1849,-8.2,-3.8,3,Cloudy,8.0
2022-12-27,2022,2022Q4,December,Tuesday,Weekday,1221,2292,3513,-4.0,-0.3,2,Partly Cloudy,8.4
2022-12-28,2022,2022Q4,December,Wednesday,Weekday,1872,2713,4585,-3.1,0.9,1,Mostly Clear,11.2
2022-12-29,2022,2022Q4,December,Thursday,Weekday,2475,3151,5626,-0.2,3.1,1,Mostly Clear,11.4
2022-12-30,2022,2022Q4,December,Friday,Weekday,3056,3765,6821,3.7,6.4,1,Mostly Clear,13.0
2022-12-31,2022,2022Q4,December,Saturday,Weekend,1481,2157,3638,9.3,10.5,63,Rain,12.0
2023-01-01,2023,2023Q1,January,Sunday,Weekend,3573,3214,6787,8.4,10.5,1,Mostly Clear,14.7
2023-01-02,2023,2023Q1,January,Monday,Weekday,3433,3807,7240,9.1,10.7,2,Partly Cloudy,11.3
2023-01-03,2023,2023Q1,January,Tuesday,Weekday,2635,4924,7559,13.1,14.2,53,Heavy Drizzle,20.3
2023-01-04,2023,2023Q1,January,Wednesday,Weekday,2488,5303,7791,15.8,16.0,55,Heavy Drizzle,21.0
2023-01-05,2023,2023Q1,January,Thursday,Weekday,2954,5455,8409,11.4,12.6,51,Light Drizzle,13.0
2023-01-06,2023,2023Q1,January,Friday,Weekday,2119,4600,6719,3.3,6.8,51,Light Drizzle,20.3
2023-01-07,2023,2023Q1,January,Saturday,Weekend,2862,4260,7122,-0.3,3.7,3,Cloudy,14.8
2023-01-08,2023,2023Q1,January,Sunday,Weekend,1818,3358,5176,-1.1,2.4,53,Heavy Drizzle,11.8
2023-01-09,2023,2023Q1,January,Monday,Weekday,1754,4766,6520,0.1,4.0,71,Light Snow,16.7
2023-01-10,2023,2023Q1,January,Tuesday,Weekday,1863,5440,7303,-0.8,2.7,2,Partly Cloudy,14.0
2023-01-11,2023,2023Q1,January,Wednesday,Weekday,1832,5323,7155,-0.1,3.1,55,Heavy Drizzle,11.0
2023-01-12,2023,2023Q1,January,Thursday,Weekday,1746,4909,6655,5.6,7.9,53,Heavy Drizzle,15.5
2023-01-13,2023,2023Q1,January,Friday,Weekday,1925,4565,6490,4.9,8.9,63,Rain,23.9
2023-01-14,2023,2023Q1,January,Saturday,Weekend,1502,3368,4870,-3.5,2.3,3,Cloudy,24.6
2023-01-15,2023,2023Q1,January,Sunday,Weekend,1949,3359,5308,-3.9,1.6,1,Mostly Clear,22.7
2023-01-16,2023,2023Q1,January,Monday,Weekday,2291,4130,6421,-1.7,2.9,1,Mostly Clear,13.9
2023-01-17,2023,2023Q1,January,Tuesday,Weekday,1295,4622,5917,2.0,4.7,55,Heavy Drizzle,10.2
2023-01-18,2023,2023Q1,January,Wednesday,Weekday,2057,6129,8186,4.8,7.9,51,Light Drizzle,17.4
2023-01-19,2023,2023Q1,January,Thursday,Weekday,1320,4536,5856,4.7,6.8,61,Light Rain,12.6
2023-01-20,2023,2023Q1,January,Friday,Weekday,2072,5322,7394,2.9,7.2,3,Cloudy,24.0
2023-01-21,2023,2023Q1,January,Saturday,Weekend,2339,4622,6961,-0.1,4.0,3,Cloudy,16.0
2023-01-22,2023,2023Q1,January,Sunday,Weekend,1289,2712,4001,-0.8,2.6,61,Light Rain,13.0
2023-01-23,2023,2023Q1,January,Monday,Weekday,1219,4503,5722,0.5,4.7,53,Heavy Drizzle,24.5
2023-01-24,2023,2023Q1,January,Tuesday,Weekday,1801,5964,7765,-0.6,3.2,2,Partly Cloudy,13.0
2023-01-25,2023,2023Q1,January,Wednesday,Weekday,847,3579,4426,0.6,4.0,71,Light Snow,20.3
2023-01-26,2023,2023Q1,January,Thursday,Weekday,1790,5756,7546,1.6,6.1,61,Light Rain,26.0
2023-01-27,2023,2023Q1,January,Friday,Weekday,1753,5061,6814,-2.1,2.2,3,Cloudy,15.4
2023-01-28,2023,2023Q1,January,Saturday,Weekend,3611,5101,8712,1.3,5.4,2,Partly Cloudy,14.8
2023-01-29,2023,2023Q1,January,Sunday,Weekend,1513,3257,4770,2.3,5.7,53,Heavy Drizzle,15.3
2023-01-30,2023,2023Q1,January,Monday,Weekday,1971,5715,7686,6.1,7.9,3,Cloudy,9.4
2023-01-31,2023,2023Q1,January,Tuesday,Weekday,941,3855,4796,2.3,5.0,53,Heavy Drizzle,13.7
2023-02-01,2023,2023Q1,February,Wednesday,Weekday,1477,5409,6886,-2.1,1.8,73,Snow,13.1
2023-02-02,2023,2023Q1,February,Thursday,Weekday,1477,5312,6789,-1.8,2.0,3,Cloudy,11.4
2023-02-03,2023,2023Q1,February,Friday,Weekday,965,3695,4660,-7.1,-0.7,3,Cloudy,29.1
2023-02-04,2023,2023Q1,February,Saturday,Weekend,1177,2838,4015,-9.6,-4.1,1,Mostly Clear,22.4
2023-02-05,2023,2023Q1,February,Sunday,Weekend,2244,4168,6412,-1.2,3.7,3,Cloudy,16.7
2023-02-06,2023,2023Q1,February,Monday,Weekday,1484,5227,6711,2.5,6.6,3,Cloudy,21.4
2023-02-07,2023,2023Q1,February,Tuesday,Weekday,1732,5959,7691,0.7,4.1,3,Cloudy,14.1
2023-02-08,2023,2023Q1,February,Wednesday,Weekday,2551,7043,9594,7.3,9.9,2,Partly Cloudy,14.0
2023-02-09,2023,2023Q1,February,Thursday,Weekday,2505,6799,9304,8.9,11.5,3,Cloudy,21.2
2023-02-10,2023,2023Q1,February,Friday,Weekday,2944,6265,9209,9.4,12.8,1,Mostly Clear,21.3
2023-02-11,2023,2023Q1,February,Saturday,Weekend,3264,5007,8271,1.9,5.9,1,Mostly Clear,19.5
2023-02-12,2023,2023Q1,February,Sunday,Weekend,656,1713,2369,0.1,3.6,61,Light Rain,19.7
2023-02-13,2023,2023Q1,February,Monday,Weekday,1910,5758,7668,2.9,7.4,61,Light Rain,19.1
2023-02-14,2023,2023Q1,February,Tuesday,Weekday,2444,6774,9218,3.9,7.3,2,Partly Cloudy,12.5
2023-02-15,2023,2023Q1,February,Wednesday,Weekday,2480,6848,9328,8.7,12.4,53,Heavy Drizzle,20.8
2023-02-16,2023,2023Q1,February,Thursday,Weekday,1674,5265,6939,12.0,12.7,61,Light Rain,15.5
2023-02-17,2023,2023Q1,February,Friday,Weekday,1379,3647,5026,8.3,11.6,63,Rain,26.6
2023-02-18,2023,2023Q1,February,Saturday,Weekend,2871,4135,7006,-2.2,2.5,1,Mostly Clear,21.1
2023-02-19,2023,2023Q1,February,Sunday,Weekend,4266,4452,8718,3.3,7.4,3,Cloudy,20.3
2023-02-20,2023,2023Q1,February,Monday,Weekday,2921,4729,7650,8.4,11.1,2,Partly Cloudy,17.8
2023-02-21,2023,2023Q1,February,Tuesday,Weekday,2542,6232,8774,8.3,10.9,53,Heavy Drizzle,25.1
2023-02-22,2023,2023Q1,February,Wednesday,Weekday,1966,5934,7900,4.1,7.4,51,Light Drizzle,13.1
2023-02-23,2023,2023Q1,February,Thursday,Weekday,4019,7608,11627,16.4,16.8,51,Light Drizzle,17.3
2023-02-24,2023,2023Q1,February,Friday,Weekday,2669,5599,8268,6.6,11.0,1,Mostly Clear,22.2
2023-02-25,2023,2023Q1,February,Saturday,Weekend,1542,3514,5056,-0.8,2.7,71,Light Snow,12.6
2023-02-26,2023,2023Q1,February,Sunday,Weekend,3186,4742,7928,3.7,6.9,3,Cloudy,14.8
2023-02-27,2023,2023Q1,February,Monday,Weekday,1274,4430,5704,1.8,5.4,61,Light Rain,16.8
2023-02-28,2023,2023Q1,February,Tuesday,Weekday,2328,6542,8870,6.2,8.4,61,Light Rain,15.4
2023-03-01,2023,2023Q1,March,Wednesday,Weekday,2472,6738,9210,5.2,8.0,2,Partly Cloudy,17.8
2023-03-02,2023,2023Q1,March,Thursday,Weekday,2443,6753,9196,10.7,12.6,61,Light Rain,16.5
2023-03-03,2023,2023Q1,March,Friday,Weekday,940,3437,4377,3.1,6.7,61,Light Rain,23.3
2023-03-04,2023,2023Q1,March,Saturday,Weekend,3874,5390,9264,6.6,10.6,61,Light Rain,28.5
2023-03-05,2023,2023Q1,March,Sunday,Weekend,4733,5721,10454,5.7,9.0,1,Mostly Clear,22.0
2023-03-06,2023,2023Q1,March,Monday,Weekday,2649,6004,8653,4.9,7.7,1,Mostly Clear,11.3
2023-03-07,2023,2023Q1,March,Tuesday,Weekday,2139,6104,8243,1.9,6.7,51,Light Drizzle,27.3
2023-03-08,2023,2023Q1,March,Wednesday,Weekday,2274,6432,8706,0.1,5.2,0,Clear,23.5
2023-03-09,2023,2023Q1,March,Thursday,Weekday,2948,6528,9476,2.4,6.0,0,Clear,13.6
2023-03-10,2023,2023Q1,March,Friday,Weekday,1302,3754,5056,2.4,5.4,55,Heavy Drizzle,14.4
2023-03-11,2023,2023Q1,March,Saturday,Weekend,2877,4509,7386,-0.5,4.8,3,Cloudy,28.3
2023-03-12,2023,2023Q1,March,Sunday,Weekend,1911,3199,5110,-0.6,2.6,71,Light Snow,8.0
2023-03-13,2023,2023Q1,March,Monday,Weekday,1827,4870,6697,2.5,5.3,51,Light Drizzle,16.1
2023-03-14,2023,2023Q1,March,Tuesday,Weekday,1509,4847,6356,-3.9,2.9,3,Cloudy,34.5
2023-03-15,2023,2023Q1,March,Wednesday,Weekday,1832,5264,7096,-2.4,3.9,0,Clear,27.6
2023-03-16,2023,2023Q1,March,Thursday,Weekday,3811,6573,10384,3.5,7.6,3,Cloudy,14.4
2023-03-17,2023,2023Q1,March,Friday,Weekday,3338,5764,9102,8.4,11.5,51,Light Drizzle,18.9
2023-03-18,2023,2023Q1,March,Saturday,Weekend,6043,5965,12008,2.9,7.6,3,Cloudy,21.0
2023-03-19,2023,2023Q1,March,Sunday,Weekend,2214,3683,5897,-3.5,2.1,1,Mostly Clear,22.0
2023-03-20,2023,2023Q1,March,Monday,Weekday,2688,5874,8562,-0.4,3.3,0,Clear,9.9
2023-03-21,2023,2023Q1,March,Tuesday,Weekday,3764,7493,11257,3.7,7.0,2,Partly Cloudy,12.5
2023-03-22,2023,2023Q1,March,Wednesday,Weekday,4485,8310,12795,7.5,11.0,3,Cloudy,15.9
2023-03-23,2023,2023Q1,March,Thursday,Weekday,5607,8781,14388,14.0,15.5,53,Heavy Drizzle,20.6
2023-03-24,2023,2023Q1,March,Friday,Weekday,1556,3738,5294,10.4,11.6,63,Rain,11.2
2023-03-25,2023,2023Q1,March,Saturday,Weekend,3163,4374,7537,8.6,10.2,61,Light Rain,14.0
2023-03-26,2023,2023Q1,March,Sunday,Weekend,11020,7650,18670,9.7,12.6,0,Clear,16.6
2023-03-27,2023,2023Q1,March,Monday,Weekday,3780,6799,10579,9.9,11.3,53,Heavy Drizzle,12.8
2023-03-28,2023,2023Q1,March,Tuesday,Weekday,4262,8040,12302,6.8,10.0,3,Cloudy,15.3
2023-03-29,2023,2023Q1,March,Wednesday,Weekday,4431,8324,12755,6.2,9.1,3,Cloudy,13.6
2023-03-30,2023,2023Q1,March,Thursday,Weekday,4022,7662,11684,3.1,6.8,0,Clear,18.2
2023-03-31,2023,2023Q1,March,Friday,Weekday,4759,7177,11936,7.7,10.7,53,Heavy Drizzle,22.2
2023-04-01,2023,2023Q2,April,Saturday,Weekend,5830,5550,11380,15.0,17.8,61,Light Rain,32.4
2023-04-02,2023,2023Q2,April,Sunday,Weekend,6519,6397,12916,4.7,8.9,1,Mostly Clear,25.0
2023-04-03,2023,2023Q2,April,Monday,Weekday,5103,7631,12734,9.4,11.9,2,Partly Cloudy,19.0
2023-04-04,2023,2023Q2,April,Tuesday,Weekday,6335,8969,15304,17.2,17.8,1,Mostly Clear,14.0
2023-04-05,2023,2023Q2,April,Wednesday,Weekday,6247,8866,15113,21.8,21.4,2,Partly Cloudy,20.1
2023-04-06,2023,2023Q2,April,Thursday,Weekday,4688,7755,12443,22.8,21.9,63,Rain,17.1
2023-04-07,2023,2023Q2,April,Friday,Weekday,4703,6677,11380,8.5,11.9,51,Light Drizzle,14.5
2023-04-08,2023,2023Q2,April,Saturday,Weekend,6457,6505,12962,5.0,8.8,1,Mostly Clear,14.5
2023-04-09,2023,2023Q2,April,Sunday,Weekend,6062,5848,11910,6.8,9.3,1,Mostly Clear,10.4
2023-04-10,2023,2023Q2,April,Monday,Weekday,4541,7622,12163,7.9,10.3,0,Clear,12.1
2023-04-11,2023,2023Q2,April,Tuesday,Weekday,5111,9216,14327,11.7,14.1,1,Mostly Clear,13.3
2023-04-12,2023,2023Q2,April,Wednesday,Weekday,5623,9635,15258,16.8,19.2,3,Cloudy,17.3
2023-04-13,2023,2023Q2,April,Thursday,Weekday,5982,9629,15611,19.5,20.8,0,Clear,12.2
2023-04-14,2023,2023Q2,April,Friday,Weekday,6272,8565,14837,19.2,19.9,3,Cloudy,14.4
2023-04-15,2023,2023Q2,April,Saturday,Weekend,8082,7203,15285,21.2,19.3,61,Light Rain,10.2
2023-04-16,2023,2023Q2,April,Sunday,Weekend,7669,7137,14806,21.2,20.8,3,Cloudy,14.9
2023-04-17,2023,2023Q2,April,Monday,Weekday,4117,7466,11583,13.6,16.6,51,Light Drizzle,22.2
2023-04-18,2023,2023Q2,April,Tuesday,Weekday,4810,8927,13737,10.6,14.4,1,Mostly Clear,23.8
2023-04-19,2023,2023Q2,April,Wednesday,Weekday,5200,9038,14238,12.4,14.5,0,Clear,12.3
2023-04-20,2023,2023Q2,April,Thursday,Weekday,5671,9276,14947,18.8,18.7,1,Mostly Clear,11.3
2023-04-21,2023,2023Q2,April,Friday,Weekday,6834,8589,15423,21.6,22.3,1,Mostly Clear,15.8
2023-04-22,2023,2023Q2,April,Saturday,Weekend,4704,5459,10163,16.9,18.4,63,Rain,22.6
2023-04-23,2023,2023Q2,April,Sunday,Weekend,6581,7110,13691,10.9,13.6,51,Light Drizzle,18.0
2023-04-24,2023,2023Q2,April,Monday,Weekday,4107,7915,12022,7.2,10.7,2,Partly Cloudy,14.6
2023-04-25,2023,2023Q2,April,Tuesday,Weekday,4316,9158,13474,7.4,10.3,3,Cloudy,10.7
2023-04-26,2023,2023Q2,April,Wednesday,Weekday,4248,8987,13235,11.2,12.7,53,Heavy Drizzle,13.8
2023-04-27,2023,2023Q2,April,Thursday,Weekday,5032,8947,13979,13.8,14.7,51,Light Drizzle,14.8
2023-04-28,2023,2023Q2,April,Friday,Weekday,705,2122,2827,10.5,12.6,63,Rain,25.8
2023-04-29,2023,2023Q2,April,Saturday,Weekend,7853,7812,15665,14.6,14.9,51,Light Drizzle,14.5
2023-04-30,2023,2023Q2,April,Sunday,Weekend,2228,3602,5830,14.7,15.2,63,Rain,26.3
2023-05-01,2023,2023Q2,May,Monday,Weekday,3624,8064,11688,8.7,12.6,55,Heavy Drizzle,24.7
2023-05-02,2023,2023Q2,May,Tuesday,Weekday,3133,7690,10823,7.6,10.8,53,Heavy Drizzle,18.3
2023-05-03,2023,2023Q2,May,Wednesday,Weekday,3440,8080,11520,7.0,9.8,55,Heavy Drizzle,21.0
2023-05-04,2023,2023Q2,May,Thursday,Weekday,4246,8787,13033,8.4,10.9,51,Light Drizzle,14.7
2023-05-05,2023,2023Q2,May,Friday,Weekday,5591,8796,14387,11.2,12.9,51,Light Drizzle,8.7
2023-05-06,2023,2023Q2,May,Saturday,Weekend,8502,8230,16732,14.2,14.9,1,Mostly Clear,10.4
2023-05-07,2023,2023Q2,May,Sunday,Weekend,5569,6382,11951,17.4,17.1,55,Heavy Drizzle,9.5
2023-05-08,2023,2023Q2,May,Monday,Weekday,4714,8150,12864,20.8,20.2,51,Light Drizzle,15.3
2023-05-09,2023,2023Q2,May,Tuesday,Weekday,3954,8575,12529,16.0,16.5,51,Light Drizzle,10.0
2023-05-10,2023,2023Q2,May,Wednesday,Weekday,5578,9931,15509,14.8,15.7,0,Clear,10.5
2023-05-11,2023,2023Q2,May,Thursday,Weekday,5624,9811,15435,18.7,18.5,1,Mostly Clear,8.8
2023-05-12,2023,2023Q2,May,Friday,Weekday,6427,9136,15563,23.1,21.4,1,Mostly Clear,8.2
2023-05-13,2023,2023Q2,May,Saturday,Weekend,4594,5807,10401,21.2,19.6,63,Rain,10.9
2023-05-14,2023,2023Q2,May,Sunday,Weekend,7681,7430,15111,17.8,18.7,1,Mostly Clear,12.6
2023-05-15,2023,2023Q2,May,Monday,Weekday,5119,8427,13546,16.0,17.6,2,Partly Cloudy,13.4
2023-05-16,2023,2023Q2,May,Tuesday,Weekday,4530,9018,13548,19.4,19.4,51,Light Drizzle,15.0
2023-05-17,2023,2023Q2,May,Wednesday,Weekday,5499,9679,15178,16.7,18.3,51,Light Drizzle,16.4
2023-05-18,2023,2023Q2,May,Thursday,Weekday,5548,9437,14985,13.2,15.3,3,Cloudy,13.0
2023-05-19,2023,2023Q2,May,Friday,Weekday,6922,9241,16163,16.2,17.3,51,Light Drizzle,17.3
2023-05-20,2023,2023Q2,May,Saturday,Weekend,7822,7394,15216,20.2,19.4,53,Heavy Drizzle,14.3
2023-05-21,2023,2023Q2,May,Sunday,Weekend,7814,7157,14971,18.3,19.3,51,Light Drizzle,16.3
2023-05-22,2023,2023Q2,May,Monday,Weekday,5467,8309,13776,19.4,20.0,2,Partly Cloudy,12.8
2023-05-23,2023,2023Q2,May,Tuesday,Weekday,5587,9505,15092,18.2,18.7,2,Partly Cloudy,13.7
2023-05-24,2023,2023Q2,May,Wednesday,Weekday,5429,9758,15187,19.3,19.5,1,Mostly Clear,9.9
2023-05-25,2023,2023Q2,May,Thursday,Weekday,5642,9144,14786,15.6,17.6,1,Mostly Clear,19.4
2023-05-26,2023,2023Q2,May,Friday,Weekday,6747,8319,15066,16.8,17.7,1,Mostly Clear,10.1
2023-05-27,2023,2023Q2,May,Saturday,Weekend,8764,7165,15929,16.7,18.2,1,Mostly Clear,13.5
2023-05-28,2023,2023Q2,May,Sunday,Weekend,7856,5968,13824,17.0,17.9,53,Heavy Drizzle,13.8
2023-05-29,2023,2023Q2,May,Monday,Weekday,3687,4106,7793,20.7,19.5,61,Light Rain,13.3
2023-05-30,2023,2023Q2,May,Tuesday,Weekday,4717,9134,13851,18.2,18.8,51,Light Drizzle,15.0
2023-05-31,2023,2023Q2,May,Wednesday,Weekday,5281,10214,15495,17.8,18.5,1,Mostly Clear,10.2
2023-06-01,2023,2023Q2,June,Thursday,Weekday,5428,10079,15507,21.5,21.1,3,Cloudy,8.7
2023-06-02,2023,2023Q2,June,Friday,Weekday,6059,9072,15131,25.4,24.7,1,Mostly Clear,10.4
2023-06-03,2023,2023Q2,June,Saturday,Weekend,8196,8566,16762,23.8,23.5,53,Heavy Drizzle,17.5
2023-06-04,2023,2023Q2,June,Sunday,Weekend,7085,7969,15054,17.6,18.6,51,Light Drizzle,13.4
2023-06-05,2023,2023Q2,June,Monday,Weekday,5006,8639,13645,19.5,20.4,3,Cloudy,14.4
2023-06-06,2023,2023Q2,June,Tuesday,Weekday,5349,9940,15289,19.5,21.8,2,Partly Cloudy,21.3
2023-06-07,2023,2023Q2,June,Wednesday,Weekday,4847,9344,14191,20.3,21.6,1,Mostly Clear,13.9
2023-06-08,2023,2023Q2,June,Thursday,Weekday,3942,7634,11576,19.3,20.7,1,Mostly Clear,11.9
2023-06-09,2023,2023Q2,June,Friday,Weekday,5662,8815,14477,18.2,19.5,53,Heavy Drizzle,17.1
2023-06-10,2023,2023Q2,June,Saturday,Weekend,8933,8735,17668,21.2,22.3,2,Partly Cloudy,13.4
2023-06-11,2023,2023Q2,June,Sunday,Weekend,7462,7937,15399,24.5,24.9,3,Cloudy,15.7
2023-06-12,2023,2023Q2,June,Monday,Weekday,3803,7608,11411,23.4,22.7,63,Rain,16.7
2023-06-13,2023,2023Q2,June,Tuesday,Weekday,5469,10277,15746,19.7,20.9,3,Cloudy,14.0
2023-06-14,2023,2023Q2,June,Wednesday,Weekday,5778,10363,16141,19.0,20.9,51,Light Drizzle,23.2
2023-06-15,2023,2023Q2,June,Thursday,Weekday,5962,10657,16619,21.3,21.7,1,Mostly Clear,10.5
2023-06-16,2023,2023Q2,June,Friday,Weekday,5849,8860,14709,23.8,22.6,61,Light Rain,13.5
2023-06-17,2023,2023Q2,June,Saturday,Weekend,8689,8217,16906,20.8,22.1,2,Partly Cloudy,19.7
2023-06-18,2023,2023Q2,June,Sunday,Weekend,7691,7496,15187,22.8,23.4,0,Clear,12.4
2023-06-19,2023,2023Q2,June,Monday,Weekday,6483,7859,14342,25.8,24.5,51,Light Drizzle,14.0
2023-06-20,2023,2023Q2,June,Tuesday,Weekday,5564,9932,15496,23.9,22.9,51,Light Drizzle,19.5
2023-06-21,2023,2023Q2,June,Wednesday,Weekday,1840,4849,6689,17.9,18.5,55,Heavy Drizzle,24.2
2023-06-22,2023,2023Q2,June,Thursday,Weekday,3825,8446,12271,17.9,18.1,53,Heavy Drizzle,17.9
2023-06-23,2023,2023Q2,June,Friday,Weekday,3112,6279,9391,24.6,21.5,63,Rain,14.9
2023-06-24,2023,2023Q2,June,Saturday,Weekend,8149,8664,16813,27.6,23.7,63,Rain,7.6
2023-06-25,2023,2023Q2,June,Sunday,Weekend,7551,8131,15682,28.0,25.2,2,Partly Cloudy,10.1
2023-06-26,2023,2023Q2,June,Monday,Weekday,4602,8373,12975,28.8,25.3,63,Rain,10.7
2023-06-27,2023,2023Q2,June,Tuesday,Weekday,4305,8542,12847,26.9,23.7,63,Rain,14.4
2023-06-28,2023,2023Q2,June,Wednesday,Weekday,5691,10150,15841,23.6,22.8,3,Cloudy,16.0
2023-06-29,2023,2023Q2,June,Thursday,Weekday,5009,8807,13816,25.2,23.6,1,Mostly Clear,9.2
2023-06-30,2023,2023Q2,June,Friday,Weekday,4988,8101,13089,26.5,23.6,65,Heavy Rain,10.6
2023-07-01,2023,2023Q3,July,Saturday,Weekend,6335,6702,13037,24.3,26.9,0,Clear,18.2
2023-07-02,2023,2023Q3,July,Sunday,Weekend,6676,6752,13428,26.6,29.2,1,Mostly Clear,11.5
2023-07-03,2023,2023Q3,July,Monday,Weekday,6649,7430,14079,27.7,31.1,3,Cloudy,35.8
2023-07-04,2023,2023Q3,July,Tuesday,Weekday,11550,8380,19930,26.2,29.9,3,Cloudy,24.2
2023-07-05,2023,2023Q3,July,Wednesday,Weekday,5341,8408,13749,25.1,28.9,3,Cloudy,29.6
2023-07-06,2023,2023Q3,July,Thursday,Weekday,5469,8972,14441,25.6,28.3,51,Light Drizzle,24.7
2023-07-07,2023,2023Q3,July,Friday,Weekday,5823,8804,14627,23.4,25.3,1,Mostly Clear,26.2
2023-07-08,2023,2023Q3,July,Saturday,Weekend,7813,8378,16191,24.4,27.5,3,Cloudy,17.1
2023-07-09,2023,2023Q3,July,Sunday,Weekend,6214,7402,13616,25.0,28.2,2,Partly Cloudy,16.5
2023-07-10,2023,2023Q3,July,Monday,Weekday,5376,9302,14678,25.8,28.8,3,Cloudy,19.5
2023-07-11,2023,2023Q3,July,Tuesday,Weekday,5657,10199,15856,24.9,27.9,2,Partly Cloudy,21.3
2023-07-12,2023,2023Q3,July,Wednesday,Weekday,5498,10026,15524,26.4,29.2,0,Clear,21.7
2023-07-13,2023,2023Q3,July,Thursday,Weekday,5685,9452,15137,27.3,30.0,0,Clear,16.9
2023-07-14,2023,2023Q3,July,Friday,Weekday,5196,8144,13340,28.5,31.2,0,Clear,13.8
2023-07-15,2023,2023Q3,July,Saturday,Weekend,8031,8035,16066,28.5,32.1,1,Mostly Clear,24.8
2023-07-16,2023,2023Q3,July,Sunday,Weekend,6086,7005,13091,29.9,34.2,3,Cloudy,33.2
2023-07-17,2023,2023Q3,July,Monday,Weekday,5406,8650,14056,29.5,32.8,2,Partly Cloudy,27.1
2023-07-18,2023,2023Q3,July,Tuesday,Weekday,5755,10278,16033,32.0,34.3,2,Partly Cloudy,26.0
2023-07-19,2023,2023Q3,July,Wednesday,Weekday,5708,9821,15529,30.5,34.6,2,Partly Cloudy,30.8
2023-07-20,2023,2023Q3,July,Thursday,Weekday,6335,10284,16619,31.2,34.7,3,Cloudy,23.7
2023-07-21,2023,2023Q3,July,Friday,Weekday,7202,9629,16831,30.0,32.8,3,Cloudy,19.4
2023-07-22,2023,2023Q3,July,Saturday,Weekend,9624,8742,18366,29.6,32.4,2,Partly Cloudy,30.0
2023-07-23,2023,2023Q3,July,Sunday,Weekend,7837,7961,15798,28.5,31.1,51,Light Drizzle,39.3
2023-07-24,2023,2023Q3,July,Monday,Weekday,5269,9082,14351,29.0,30.3,51,Light Drizzle,16.8
2023-07-25,2023,2023Q3,July,Tuesday,Weekday,5093,9499,14592,28.4,29.1,0,Clear,18.4
2023-07-26,2023,2023Q3,July,Wednesday,Weekday,5737,10192,15929,29.6,30.9,1,Mostly Clear,21.0
2023-07-27,2023,2023Q3,July,Thursday,Weekday,5239,9270,14509,30.0,32.1,3,Cloudy,20.6
2023-07-28,2023,2023Q3,July,Friday,Weekday,5001,8106,13107,27.3,29.5,51,Light Drizzle,35.4
2023-07-29,2023,2023Q3,July,Saturday,Weekend,6667,7301,13968,23.4,24.2,3,Cloudy,17.4
2023-07-30,2023,2023Q3,July,Sunday,Weekend,7358,8124,15482,27.5,28.7,2,Partly Cloudy,27.1
2023-07-31,2023,2023Q3,July,Monday,Weekday,5290,9172,14462,27.7,28.7,1,Mostly Clear,18.1
2023-08-01,2023,2023Q3,August,Tuesday,Weekday,5731,10572,16303,28.8,30.7,0,Clear,13.4
2023-08-02,2023,2023Q3,August,Wednesday,Weekday,5823,10580,16403,27.5,30.1,3,Cloudy,32.8
2023-08-03,2023,2023Q3,August,Thursday,Weekday,4594,8712,13306,27.4,29.2,0,Clear,15.8
2023-08-04,2023,2023Q3,August,Friday,Weekday,6363,9240,15603,28.9,30.8,2,Partly Cloudy,14.0
2023-08-05,2023,2023Q3,August,Saturday,Weekend,8541,8704,17245,29.6,32.0,2,Partly Cloudy,23.5
2023-08-06,2023,2023Q3,August,Sunday,Weekend,6040,6881,12921,26.4,28.2,3,Cloudy,26.0
2023-08-07,2023,2023Q3,August,Monday,Weekday,3545,6710,10255,25.0,25.6,3,Cloudy,18.3
2023-08-08,2023,2023Q3,August,Tuesday,Weekday,5881,10427,16308,26.4,28.9,0,Clear,15.8
2023-08-09,2023,2023Q3,August,Wednesday,Weekday,5460,9880,15340,28.4,30.4,0,Clear,13.5
2023-08-10,2023,2023Q3,August,Thursday,Weekday,4844,8925,13769,29.0,31.4,3,Cloudy,25.7
2023-08-11,2023,2023Q3,August,Friday,Weekday,6604,9352,15956,26.7,28.3,2,Partly Cloudy,22.7
2023-08-12,2023,2023Q3,August,Saturday,Weekend,7733,8307,16040,26.6,30.3,2,Partly Cloudy,29.0
2023-08-13,2023,2023Q3,August,Sunday,Weekend,6674,7513,14187,25.5,30.3,2,Partly Cloudy,29.0
2023-08-14,2023,2023Q3,August,Monday,Weekday,3978,7328,11306,23.5,28.9,3,Cloudy,27.7
2023-08-15,2023,2023Q3,August,Tuesday,Weekday,4906,9094,14000,22.8,26.6,0,Clear,30.9
2023-08-16,2023,2023Q3,August,Wednesday,Weekday,6034,10223,16257,23.3,24.9,2,Partly Cloudy,11.5
2023-08-17,2023,2023Q3,August,Thursday,Weekday,5814,9923,15737,22.3,24.3,2,Partly Cloudy,20.2
2023-08-18,2023,2023Q3,August,Friday,Weekday,6520,9412,15932,24.4,26.3,1,Mostly Clear,13.6
2023-08-19,2023,2023Q3,August,Saturday,Weekend,8835,8947,17782,27.2,29.1,2,Partly Cloudy,19.2
2023-08-20,2023,2023Q3,August,Sunday,Weekend,6917,7998,14915,26.1,29.1,2,Partly Cloudy,23.6
2023-08-21,2023,2023Q3,August,Monday,Weekday,5020,8892,13912,27.0,30.2,3,Cloudy,16.1
2023-08-22,2023,2023Q3,August,Tuesday,Weekday,5548,10525,16073,27.9,30.8,3,Cloudy,22.5
2023-08-23,2023,2023Q3,August,Wednesday,Weekday,5594,10815,16409,24.3,26.4,3,Cloudy,23.4
2023-08-24,2023,2023Q3,August,Thursday,Weekday,5430,10096,15526,21.0,22.7,51,Light Drizzle,26.8
2023-08-25,2023,2023Q3,August,Friday,Weekday,4813,8989,13802,21.3,23.2,51,Light Drizzle,25.0
2023-08-26,2023,2023Q3,August,Saturday,Weekend,7845,9055,16900,18.1,21.2,51,Light Drizzle,38.5
2023-08-27,2023,2023Q3,August,Sunday,Weekend,6936,8594,15530,21.5,23.8,2,Partly Cloudy,26.8
2023-08-28,2023,2023Q3,August,Monday,Weekday,4247,8987,13234,20.2,22.4,51,Light Drizzle,35.7
2023-08-29,2023,2023Q3,August,Tuesday,Weekday,4778,10488,15266,21.0,23.2,0,Clear,18.9
2023-08-30,2023,2023Q3,August,Wednesday,Weekday,5608,11233,16841,23.3,24.7,0,Clear,12.3
2023-08-31,2023,2023Q3,August,Thursday,Weekday,5882,11192,17074,25.5,27.2,1,Mostly Clear,18.0
2023-09-01,2023,2023Q3,September,Friday,Weekday,6607,9731,16338,25.9,28.6,0,Clear,19.2
2023-09-02,2023,2023Q3,September,Saturday,Weekend,8613,8477,17090,24.6,27.7,1,Mostly Clear,18.5
2023-09-03,2023,2023Q3,September,Sunday,Weekend,7758,7462,15220,24.0,26.8,1,Mostly Clear,18.7
2023-09-04,2023,2023Q3,September,Monday,Weekday,5670,7535,13205,20.9,24.4,51,Light Drizzle,31.2
2023-09-05,2023,2023Q3,September,Tuesday,Weekday,4190,10273,14463,21.2,24.6,0,Clear,20.7
2023-09-06,2023,2023Q3,September,Wednesday,Weekday,4812,10745,15557,22.1,25.1,2,Partly Cloudy,20.2
2023-09-07,2023,2023Q3,September,Thursday,Weekday,4849,10860,15709,22.4,25.6,1,Mostly Clear,19.6
2023-09-08,2023,2023Q3,September,Friday,Weekday,5246,10196,15442,22.5,25.9,2,Partly Cloudy,19.1
2023-09-09,2023,2023Q3,September,Saturday,Weekend,5515,7628,13143,23.8,26.8,1,Mostly Clear,16.9
2023-09-10,2023,2023Q3,September,Sunday,Weekend,5177,8023,13200,24.4,26.8,1,Mostly Clear,8.7
2023-09-11,2023,2023Q3,September,Monday,Weekday,4574,10037,14611,24.0,26.4,0,Clear,13.5
2023-09-12,2023,2023Q3,September,Tuesday,Weekday,4816,11313,16129,24.1,27.4,0,Clear,29.8
2023-09-13,2023,2023Q3,September,Wednesday,Weekday,5564,11805,17369,22.7,27.0,0,Clear,33.0
2023-09-14,2023,2023Q3,September,Thursday,Weekday,5813,11736,17549,21.9,25.2,0,Clear,13.2
2023-09-15,2023,2023Q3,September,Friday,Weekday,5955,10960,16915,22.9,26.3,0,Clear,23.2
2023-09-16,2023,2023Q3,September,Saturday,Weekend,8722,9880,18602,22.5,25.4,2,Partly Cloudy,16.1
2023-09-17,2023,2023Q3,September,Sunday,Weekend,4972,7036,12008,22.2,24.8,51,Light Drizzle,18.4
2023-09-18,2023,2023Q3,September,Monday,Weekday,4721,9842,14563,20.4,23.4,3,Cloudy,16.8
2023-09-19,2023,2023Q3,September,Tuesday,Weekday,5086,11074,16160,19.6,22.5,1,Mostly Clear,15.5
2023-09-20,2023,2023Q3,September,Wednesday,Weekday,4924,11438,16362,19.3,22.6,53,Heavy Drizzle,26.2
2023-09-21,2023,2023Q3,September,Thursday,Weekday,5418,11245,16663,18.8,21.6,3,Cloudy,23.8
2023-09-22,2023,2023Q3,September,Friday,Weekday,5666,10404,16070,12.9,16.4,61,Light Rain,29.5
2023-09-23,2023,2023Q3,September,Saturday,Weekend,1145,2822,3967,12.7,14.8,1,Mostly Clear,20.3
2023-09-24,2023,2023Q3,September,Sunday,Weekend,3098,6087,9185,13.4,15.3,1,Mostly Clear,15.2
2023-09-25,2023,2023Q3,September,Monday,Weekday,3545,9079,12624,13.4,15.4,3,Cloudy,13.5
2023-09-26,2023,2023Q3,September,Tuesday,Weekday,3336,9226,12562,14.0,16.2,1,Mostly Clear,10.7
2023-09-27,2023,2023Q3,September,Wednesday,Weekday,5226,11903,17129,15.2,17.9,3,Cloudy,14.7
2023-09-28,2023,2023Q3,September,Thursday,Weekday,5507,11410,16917,15.8,18.7,51,Light Drizzle,20.4
2023-09-29,2023,2023Q3,September,Friday,Weekday,6027,10603,16630,14.4,18.3,3,Cloudy,31.0
2023-09-30,2023,2023Q3,September,Saturday,Weekend,8444,10264,18708,13.4,16.4,51,Light Drizzle,26.3
2023-10-01,2023,2023Q4,October,Sunday,Weekend,7762,9815,17577,15.1,17.2,3,Cloudy,12.6
2023-10-02,2023,2023Q4,October,Monday,Weekday,5017,10665,15682,14.5,17.9,2,Partly Cloudy,22.4
2023-10-03,2023,2023Q4,October,Tuesday,Weekday,5298,11720,17018,14.7,18.0,1,Mostly Clear,13.0
2023-10-04,2023,2023Q4,October,Wednesday,Weekday,5207,12055,17262,15.3,18.0,1,Mostly Clear,13.7
2023-10-05,2023,2023Q4,October,Thursday,Weekday,5412,11396,16808,15.8,18.8,2,Partly Cloudy,11.9
2023-10-06,2023,2023Q4,October,Friday,Weekday,5984,10426,16410,16.0,19.7,3,Cloudy,19.9
2023-10-07,2023,2023Q4,October,Saturday,Weekend,6276,8253,14529,14.9,18.0,1,Mostly Clear,14.1
2023-10-08,2023,2023Q4,October,Sunday,Weekend,6339,7694,14033,15.4,18.2,3,Cloudy,14.6
2023-10-09,2023,2023Q4,October,Monday,Weekday,4507,8384,12891,13.9,17.4,3,Cloudy,26.0
2023-10-10,2023,2023Q4,October,Tuesday,Weekday,4637,11073,15710,13.4,16.0,3,Cloudy,19.5
2023-10-11,2023,2023Q4,October,Wednesday,Weekday,5093,11609,16702,14.1,17.0,1,Mostly Clear,17.1
2023-10-12,2023,2023Q4,October,Thursday,Weekday,5942,11395,17337,13.9,16.8,1,Mostly Clear,11.4
2023-10-13,2023,2023Q4,October,Friday,Weekday,6800,10745,17545,13.5,17.5,1,Mostly Clear,26.1
2023-10-14,2023,2023Q4,October,Saturday,Weekend,2947,5183,8130,12.1,16.0,0,Clear,14.0
2023-10-15,2023,2023Q4,October,Sunday,Weekend,5686,8068,13754,12.7,16.2,3,Cloudy,15.7
2023-10-16,2023,2023Q4,October,Monday,Weekday,4216,9666,13882,12.1,16.0,3,Cloudy,16.6
2023-10-17,2023,2023Q4,October,Tuesday,Weekday,4669,10975,15644,10.7,15.0,3,Cloudy,20.8
2023-10-18,2023,2023Q4,October,Wednesday,Weekday,4945,11468,16413,8.7,13.2,3,Cloudy,19.5
2023-10-19,2023,2023Q4,October,Thursday,Weekday,5689,11466,17155,8.8,13.3,2,Partly Cloudy,18.5
2023-10-20,2023,2023Q4,October,Friday,Weekday,4696,8802,13498,8.0,12.1,1,Mostly Clear,15.3
2023-10-21,2023,2023Q4,October,Saturday,Weekend,8031,9318,17349,9.2,12.9,1,Mostly Clear,15.6
2023-10-22,2023,2023Q4,October,Sunday,Weekend,6118,8474,14592,8.6,12.4,2,Partly Cloudy,12.3
2023-10-23,2023,2023Q4,October,Monday,Weekday,4265,10100,14365,11.1,14.8,3,Cloudy,16.2
2023-10-24,2023,2023Q4,October,Tuesday,Weekday,5085,11898,16983,10.0,13.6,0,Clear,13.9
2023-10-25,2023,2023Q4,October,Wednesday,Weekday,5403,12580,17983,8.9,12.4,1,Mostly Clear,11.8
2023-10-26,2023,2023Q4,October,Thursday,Weekday,5750,12274,18024,9.3,12.9,2,Partly Cloudy,11.3
2023-10-27,2023,2023Q4,October,Friday,Weekday,6894,11689,18583,11.0,14.7,1,Mostly Clear,15.0
2023-10-28,2023,2023Q4,October,Saturday,Weekend,9505,10669,20174,10.6,13.9,2,Partly Cloudy,11.5
2023-10-29,2023,2023Q4,October,Sunday,Weekend,7965,9199,17164,9.6,12.9,1,Mostly Clear,10.8
2023-10-30,2023,2023Q4,October,Monday,Weekday,4005,9180,13185,10.4,13.8,1,Mostly Clear,13.5
2023-10-31,2023,2023Q4,October,Tuesday,Weekday,4072,10630,14702,11.0,16.5,2,Partly Cloudy,40.1
2023-11-01,2023,2023Q4,November,Wednesday,Weekday,3179,9533,12712,9.2,14.8,3,Cloudy,28.1
2023-11-02,2023,2023Q4,November,Thursday,Weekday,3687,9637,13324,5.7,10.3,2,Partly Cloudy,22.2
2023-11-03,2023,2023Q4,November,Friday,Weekday,4879,9356,14235,5.2,9.0,0,Clear,10.5
2023-11-04,2023,2023Q4,November,Saturday,Weekend,8308,10012,18320,5.1,9.3,0,Clear,16.9
2023-11-05,2023,2023Q4,November,Sunday,Weekend,6791,8656,15447,4.0,7.1,1,Mostly Clear,6.6
2023-11-06,2023,2023Q4,November,Monday,Weekday,4095,9749,13844,4.6,7.9,1,Mostly Clear,10.9
2023-11-07,2023,2023Q4,November,Tuesday,Weekday,4457,11281,15738,4.0,7.5,1,Mostly Clear,11.4
2023-11-08,2023,2023Q4,November,Wednesday,Weekday,4236,11112,15348,4.9,8.3,1,Mostly Clear,8.9
2023-11-09,2023,2023Q4,November,Thursday,Weekday,4471,10478,14949,3.6,7.7,51,Light Drizzle,12.3
2023-11-10,2023,2023Q4,November,Friday,Weekday,2600,5890,8490,0.6,4.7,3,Cloudy,22.8
2023-11-11,2023,2023Q4,November,Saturday,Weekend,6719,8295,15014,0.8,4.7,1,Mostly Clear,14.5
2023-11-12,2023,2023Q4,November,Sunday,Weekend,4442,6911,11353,0.9,4.5,0,Clear,10.3
2023-11-13,2023,2023Q4,November,Monday,Weekday,3458,9175,12633,0.8,5.0,1,Mostly Clear,12.9
2023-11-14,2023,2023Q4,November,Tuesday,Weekday,4254,10309,14563,-0.2,4.2,0,Clear,16.3
2023-11-15,2023,2023Q4,November,Wednesday,Weekday,3912,10572,14484,-1.4,2.4,0,Clear,9.2
2023-11-16,2023,2023Q4,November,Thursday,Weekday,4380,10743,15123,-1.8,2.0,0,Clear,8.8
2023-11-17,2023,2023Q4,November,Friday,Weekday,4866,9954,14820,-1.0,2.8,1,Mostly Clear,7.1
2023-11-18,2023,2023Q4,November,Saturday,Weekend,5767,8155,13922,0.5,4.4,3,Cloudy,9.2
2023-11-19,2023,2023Q4,November,Sunday,Weekend,4791,7164,11955,0.6,4.6,1,Mostly Clear,10.3
2023-11-20,2023,2023Q4,November,Monday,Weekday,2963,7865,10828,0.5,5.0,0,Clear,15.7
2023-11-21,2023,2023Q4,November,Tuesday,Weekday,825,2861,3686,-1.0,3.2,0,Clear,10.7
2023-11-22,2023,2023Q4,November,Wednesday,Weekday,3087,6383,9470,-1.6,2.5,0,Clear,9.1
2023-11-23,2023,2023Q4,November,Thursday,Weekday,2792,3343,6135,-1.4,3.3,2,Partly Cloudy,17.4
2023-11-24,2023,2023Q4,November,Friday,Weekday,3296,4325,7621,-2.3,1.9,1,Mostly Clear,10.9
2023-11-25,2023,2023Q4,November,Saturday,Weekend,2922,4537,7459,-2.0,1.8,1,Mostly Clear,9.8
2023-11-26,2023,2023Q4,November,Sunday,Weekend,1551,3731,5282,-1.1,2.6,2,Partly Cloudy,10.2
2023-11-27,2023,2023Q4,November,Monday,Weekday,2122,7575,9697,-2.5,1.3,1,Mostly Clear,9.2
2023-11-28,2023,2023Q4,November,Tuesday,Weekday,1937,7576,9513,-2.1,1.9,1,Mostly Clear,11.5
2023-11-29,2023,2023Q4,November,Wednesday,Weekday,2161,7920,10081,-3.2,1.0,2,Partly Cloudy,9.5
2023-11-30,2023,2023Q4,November,Thursday,Weekday,3074,9481,12555,-3.0,0.9,3,Cloudy,8.9
2023-12-01,2023,2023Q4,December,Friday,Weekday,2261,6570,8831,-3.3,0.6,2,Partly Cloudy,11.0
2023-12-02,2023,2023Q4,December,Saturday,Weekend,4994,8256,13250,-4.1,-0.3,1,Mostly Clear,8.2
2023-12-03,2023,2023Q4,December,Sunday,Weekend,2750,6069,8819,-4.9,-0.8,1,Mostly Clear,9.7
2023-12-04,2023,2023Q4,December,Monday,Weekday,2853,8771,11624,-1.4,2.8,0,Clear,15.2
2023-12-05,2023,2023Q4,December,Tuesday,Weekday,2969,9247,12216,-2.8,1.5,0,Clear,12.8
2023-12-06,2023,2023Q4,December,Wednesday,Weekday,2688,8738,11426,-2.6,1.4,1,Mostly Clear,11.5
2023-12-07,2023,2023Q4,December,Thursday,Weekday,2739,8488,11227,1.3,5.9,1,Mostly Clear,15.6
2023-12-08,2023,2023Q4,December,Friday,Weekday,3708,8764,12472,-2.5,1.3,3,Cloudy,9.8
2023-12-09,2023,2023Q4,December,Saturday,Weekend,5162,8350,13512,-2.7,1.6,2,Partly Cloudy,12.4
2023-12-10,2023,2023Q4,December,Sunday,Weekend,1326,3230,4556,-4.7,0.1,3,Cloudy,19.4
2023-12-11,2023,2023Q4,December,Monday,Weekday,2171,7287,9458,-7.3,-3.2,1,Mostly Clear,11.5
2023-12-12,2023,2023Q4,December,Tuesday,Weekday,2597,8492,11089,-1.3,4.4,3,Cloudy,26.2
2023-12-13,2023,2023Q4,December,Wednesday,Weekday,2927,8455,11382,-6.8,-1.0,3,Cloudy,27.0
2023-12-14,2023,2023Q4,December,Thursday,Weekday,2907,7884,10791,-11.9,-6.8,3,Cloudy,13.2
2023-12-15,2023,2023Q4,December,Friday,Weekday,3552,8231,11783,-12.5,-8.2,3,Cloudy,10.4
2023-12-16,2023,2023Q4,December,Saturday,Weekend,4696,7576,12272,-12.9,-8.7,3,Cloudy,8.7
2023-12-17,2023,2023Q4,December,Sunday,Weekend,2044,3976,6020,-11.5,-7.4,0,Clear,10.9
2023-12-18,2023,2023Q4,December,Monday,Weekday,2381,6703,9084,-11.3,-7.1,1,Mostly Clear,10.9
2023-12-19,2023,2023Q4,December,Tuesday,Weekday,2218,6791,9009,-11.7,-7.7,3,Cloudy,7.2
2023-12-20,2023,2023Q4,December,Wednesday,Weekday,2377,6919,9296,-10.6,-6.5,3,Cloudy,8.7
2023-12-21,2023,2023Q4,December,Thursday,Weekday,2317,6206,8523,-10.7,-6.3,0,Clear,13.0
2023-12-22,2023,2023Q4,December,Friday,Weekday,2393,5197,7590,-10.9,-6.8,1,Mostly Clear,8.3
2023-12-23,2023,2023Q4,December,Saturday,Weekend,2150,4101,6251,-10.2,-6.1,1,Mostly Clear,9.8
2023-12-24,2023,2023Q4,December,Sunday,Weekend,1518,2933,4451,-9.2,-5.2,1,Mostly Clear,10.1
2023-12-25,2023,2023Q4,December,Monday,Weekday,2072,2263,4335,-8.9,-4.7,1,Mostly Clear,12.7
2023-12-26,2023,2023Q4,December,Tuesday,Weekday,1090,2607,3697,-8.9,-4.8,1,Mostly Clear,9.4
2023-12-27,2023,2023Q4,December,Wednesday,Weekday,646,1934,2580,-8.6,-4.3,71,Light Snow,10.1
2023-12-28,2023,2023Q4,December,Thursday,Weekday,3099,4819,7918,-7.0,-2.5,0,Clear,12.8
2023-12-29,2023,2023Q4,December,Friday,Weekday,3491,5168,8659,-7.8,-3.9,1,Mostly Clear,9.5
2023-12-30,2023,2023Q4,December,Saturday,Weekend,3097,4497,7594,-7.3,-2.9,1,Mostly Clear,13.8
2023-12-31,2023,2023Q4,December,Sunday,Weekend,2839,4488,7327,-8.9,-4.6,0,Clear,10.2
